circuit,repetition,cost_model,qubits,layers,two_qubit_gates,max_bond_dim,predicted_dummy_cost,inserted_swap_count,real_peak_bond_dim,total_svd_time_ms,total_simulation_time_ms,routing_optimization_time_ms,sum_cubic_real,sum_svd_real,op_count
benchmarks/qft_10.qasm,1,cubic,10,37,105,64,203,125,8,0.489389,8.94783,0.184994,8508.0,3503.0,275
benchmarks/qft_10.qasm,2,cubic,10,37,105,64,203,125,8,0.462981,2.69804,0.184994,8862.0,3516.0,278
benchmarks/qft_10.qasm,3,cubic,10,37,105,64,203,125,8,0.456164,2.83615,0.184994,8054.0,3281.0,275
benchmarks/qft_10.qasm,4,cubic,10,37,105,64,203,125,8,0.503819,2.03451,0.184994,8668.0,3406.0,274
benchmarks/qft_10.qasm,5,cubic,10,37,105,64,203,125,8,0.531565,14.1172,0.184994,8801.0,3514.0,275
benchmarks/qft_10.qasm,6,cubic,10,37,105,64,203,125,8,0.518789,3.01613,0.184994,8286.0,3412.0,280
benchmarks/qft_10.qasm,7,cubic,10,37,105,64,203,125,8,0.443522,2.1884,0.184994,8806.0,3506.0,278
benchmarks/qft_10.qasm,1,svd,10,37,105,64,203,125,8,0.530542,3.08076,0.200736,8676.0,3412.0,275
benchmarks/qft_10.qasm,2,svd,10,37,105,64,203,125,8,0.658797,5.02933,0.200736,8465.0,3485.0,272
benchmarks/qft_10.qasm,3,svd,10,37,105,64,203,125,8,0.596772,4.14677,0.200736,8522.0,3370.0,275
benchmarks/qft_10.qasm,4,svd,10,37,105,64,203,125,8,0.485105,2.91044,0.200736,8522.0,3370.0,275
benchmarks/qft_10.qasm,5,svd,10,37,105,64,203,125,8,0.466334,2.55181,0.200736,8522.0,3370.0,275
benchmarks/qft_10.qasm,6,svd,10,37,105,64,203,125,8,0.481824,2.37944,0.200736,8801.0,3514.0,275
benchmarks/qft_10.qasm,7,svd,10,37,105,64,203,125,8,0.45863,2.66277,0.200736,8806.0,3506.0,278
benchmarks/qft_20.qasm,1,cubic,20,77,410,64,987,852,16,13.6457,32.5301,1.47398,633667.0,225488.0,1364
benchmarks/qft_20.qasm,2,cubic,20,77,410,64,987,852,16,12.7809,28.6638,1.47398,633110.0,225525.0,1364
benchmarks/qft_20.qasm,3,cubic,20,77,410,64,987,852,16,12.4951,28.4278,1.47398,633121.0,225528.0,1363
benchmarks/qft_20.qasm,4,cubic,20,77,410,64,987,852,16,13.3281,30.876,1.47398,633102.0,225524.0,1363
benchmarks/qft_20.qasm,5,cubic,20,77,410,64,987,852,16,16.3425,36.4605,1.47398,632933.0,225526.0,1363
benchmarks/qft_20.qasm,6,cubic,20,77,410,64,987,852,16,14.8055,32.626,1.47398,632906.0,225521.0,1362
benchmarks/qft_20.qasm,7,cubic,20,77,410,64,987,852,16,13.7497,30.921,1.47398,633196.0,225545.0,1363
benchmarks/qft_20.qasm,1,svd,20,77,410,64,987,852,16,13.3876,29.7335,1.48951,632678.0,225331.0,1364
benchmarks/qft_20.qasm,2,svd,20,77,410,64,987,852,16,12.7054,28.9535,1.48951,633129.0,225526.0,1364
benchmarks/qft_20.qasm,3,svd,20,77,410,64,987,852,16,13.6018,31.652,1.48951,632914.0,225522.0,1363
benchmarks/qft_20.qasm,4,svd,20,77,410,64,987,852,16,13.0614,28.5752,1.48951,633622.0,225458.0,1363
benchmarks/qft_20.qasm,5,svd,20,77,410,64,987,852,16,13.3829,30.4412,1.48951,632670.0,225330.0,1363
benchmarks/qft_20.qasm,6,svd,20,77,410,64,987,852,16,12.997,30.0032,1.48951,633102.0,225524.0,1363
benchmarks/qft_20.qasm,7,svd,20,77,410,64,987,852,16,13.8405,30.9198,1.48951,633611.0,225431.0,1364
benchmarks/qaoa_10.qasm,1,cubic,10,46,104,64,237,135,32,19.2531,23.6068,0.164229,851360.0,188646.0,239
benchmarks/qaoa_10.qasm,2,cubic,10,46,104,64,237,135,32,20.1866,24.9574,0.164229,851360.0,188646.0,239
benchmarks/qaoa_10.qasm,3,cubic,10,46,104,64,237,135,32,20.8792,25.5055,0.164229,851360.0,188646.0,239
benchmarks/qaoa_10.qasm,4,cubic,10,46,104,64,237,135,32,19.7188,25.3017,0.164229,851360.0,188646.0,239
benchmarks/qaoa_10.qasm,5,cubic,10,46,104,64,237,135,32,19.5876,23.852,0.164229,851360.0,188646.0,239
benchmarks/qaoa_10.qasm,6,cubic,10,46,104,64,237,135,32,19.7516,24.4818,0.164229,851360.0,188646.0,239
benchmarks/qaoa_10.qasm,7,cubic,10,46,104,64,237,135,32,21.1483,26.7371,0.164229,851360.0,188646.0,239
benchmarks/qaoa_10.qasm,1,svd,10,46,104,64,237,135,32,21.6111,26.5649,0.182597,851360.0,188646.0,239
benchmarks/qaoa_10.qasm,2,svd,10,46,104,64,237,135,32,20.8707,25.9712,0.182597,851360.0,188646.0,239
benchmarks/qaoa_10.qasm,3,svd,10,46,104,64,237,135,32,20.1475,24.7095,0.182597,851360.0,188646.0,239
benchmarks/qaoa_10.qasm,4,svd,10,46,104,64,237,135,32,20.5825,25.5738,0.182597,851360.0,188646.0,239
benchmarks/qaoa_10.qasm,5,svd,10,46,104,64,237,135,32,19.4568,24.009,0.182597,851360.0,188646.0,239
benchmarks/qaoa_10.qasm,6,svd,10,46,104,64,237,135,32,19.4691,24.0082,0.182597,851360.0,188646.0,239
benchmarks/qaoa_10.qasm,7,svd,10,46,104,64,237,135,32,20.5486,25.3816,0.182597,851360.0,188646.0,239
benchmarks/qaoa_20.qasm,1,cubic,20,90,368,64,1159,1193,64,3251.5,3551.75,1.21694,166455967.0,135348384.0,1561
benchmarks/qaoa_20.qasm,2,cubic,20,90,368,64,1159,1193,64,3249.58,3550.28,1.21694,166455967.0,135348384.0,1561
benchmarks/qaoa_20.qasm,3,cubic,20,90,368,64,1159,1193,64,3314.33,3614.86,1.21694,166455967.0,135348384.0,1561
benchmarks/qaoa_20.qasm,4,cubic,20,90,368,64,1159,1193,64,3226.28,3521.17,1.21694,166455967.0,135348384.0,1561
benchmarks/qaoa_20.qasm,5,cubic,20,90,368,64,1159,1193,64,3312.8,3617.31,1.21694,166455967.0,135348384.0,1561
benchmarks/qaoa_20.qasm,6,cubic,20,90,368,64,1159,1193,64,3365.06,3678.01,1.21694,166455967.0,135348384.0,1561
benchmarks/qaoa_20.qasm,7,cubic,20,90,368,64,1159,1193,64,3336.36,3639.97,1.21694,166455967.0,135348384.0,1561
benchmarks/qaoa_20.qasm,1,svd,20,90,368,64,1159,1193,64,3326.36,3638.81,1.33461,166455967.0,135348384.0,1561
benchmarks/qaoa_20.qasm,2,svd,20,90,368,64,1159,1193,64,3367.21,3686.97,1.33461,166455967.0,135348384.0,1561
benchmarks/qaoa_20.qasm,3,svd,20,90,368,64,1159,1193,64,3275.77,3578.83,1.33461,166455967.0,135348384.0,1561
benchmarks/qaoa_20.qasm,4,svd,20,90,368,64,1159,1193,64,3266.51,3559.09,1.33461,166455967.0,135348384.0,1561
benchmarks/qaoa_20.qasm,5,svd,20,90,368,64,1159,1193,64,3363.75,3669.77,1.33461,166455967.0,135348384.0,1561
benchmarks/qaoa_20.qasm,6,svd,20,90,368,64,1159,1193,64,3309.6,3610.8,1.33461,166455967.0,135348384.0,1561
benchmarks/qaoa_20.qasm,7,svd,20,90,368,64,1159,1193,64,3250.31,3544.91,1.33461,166455967.0,135348384.0,1561
benchmarks/vqe/vqe_real_amp_10.qasm,1,cubic,10,13,27,64,27,0,16,0.741793,1.5231,0.021876,19953.0,4488.0,73
benchmarks/vqe/vqe_real_amp_10.qasm,2,cubic,10,13,27,64,27,0,16,0.689947,1.53419,0.021876,19953.0,4488.0,73
benchmarks/vqe/vqe_real_amp_10.qasm,3,cubic,10,13,27,64,27,0,16,0.811693,1.42135,0.021876,19953.0,4488.0,73
benchmarks/vqe/vqe_real_amp_10.qasm,4,cubic,10,13,27,64,27,0,16,0.714738,1.42204,0.021876,19953.0,4488.0,73
benchmarks/vqe/vqe_real_amp_10.qasm,5,cubic,10,13,27,64,27,0,16,0.681177,1.3913,0.021876,19953.0,4488.0,73
benchmarks/vqe/vqe_real_amp_10.qasm,6,cubic,10,13,27,64,27,0,16,0.711486,1.92706,0.021876,19953.0,4488.0,73
benchmarks/vqe/vqe_real_amp_10.qasm,7,cubic,10,13,27,64,27,0,16,0.974382,1.90493,0.021876,19953.0,4488.0,73
benchmarks/vqe/vqe_real_amp_10.qasm,1,svd,10,13,27,64,27,0,16,0.712019,1.36043,0.022823,19953.0,4488.0,73
benchmarks/vqe/vqe_real_amp_10.qasm,2,svd,10,13,27,64,27,0,16,0.699469,1.41503,0.022823,19953.0,4488.0,73
benchmarks/vqe/vqe_real_amp_10.qasm,3,svd,10,13,27,64,27,0,16,0.688059,1.46394,0.022823,19953.0,4488.0,73
benchmarks/vqe/vqe_real_amp_10.qasm,4,svd,10,13,27,64,27,0,16,0.77673,1.55134,0.022823,19953.0,4488.0,73
benchmarks/vqe/vqe_real_amp_10.qasm,5,svd,10,13,27,64,27,0,16,0.687297,1.41566,0.022823,19953.0,4488.0,73
benchmarks/vqe/vqe_real_amp_10.qasm,6,svd,10,13,27,64,27,0,16,0.72739,1.59071,0.022823,19953.0,4488.0,73
benchmarks/vqe/vqe_real_amp_10.qasm,7,svd,10,13,27,64,27,0,16,0.668416,1.47772,0.022823,19953.0,4488.0,73
benchmarks/vqe/vqe_real_amp_20.qasm,1,cubic,20,23,57,64,57,0,22,10.3825,14.2574,0.050929,340896.0,206754.0,248
benchmarks/vqe/vqe_real_amp_20.qasm,2,cubic,20,23,57,64,57,0,22,10.1582,13.7504,0.050929,340301.0,206577.0,248
benchmarks/vqe/vqe_real_amp_20.qasm,3,cubic,20,23,57,64,57,0,22,10.1774,13.8417,0.050929,332373.0,200593.0,248
benchmarks/vqe/vqe_real_amp_20.qasm,4,cubic,20,23,57,64,57,0,22,10.0918,13.9564,0.050929,340030.0,206432.0,248
benchmarks/vqe/vqe_real_amp_20.qasm,5,cubic,20,23,57,64,57,0,22,9.54681,13.1879,0.050929,325582.0,195893.0,248
benchmarks/vqe/vqe_real_amp_20.qasm,6,cubic,20,23,57,64,57,0,22,9.79375,13.631,0.050929,340896.0,206754.0,248
benchmarks/vqe/vqe_real_amp_20.qasm,7,cubic,20,23,57,64,57,0,22,10.4215,14.7405,0.050929,340030.0,206432.0,248
benchmarks/vqe/vqe_real_amp_20.qasm,1,svd,20,23,57,64,57,0,22,11.2313,15.7635,0.052674,328561.0,197105.0,248
benchmarks/vqe/vqe_real_amp_20.qasm,2,svd,20,23,57,64,57,0,22,11.7783,16.0324,0.052674,333239.0,201822.0,248
benchmarks/vqe/vqe_real_amp_20.qasm,3,svd,20,23,57,64,57,0,22,10.6477,14.5463,0.052674,331745.0,197942.0,248
benchmarks/vqe/vqe_real_amp_20.qasm,4,svd,20,23,57,64,57,0,22,11.7664,15.6589,0.052674,343406.0,207492.0,248
benchmarks/vqe/vqe_real_amp_20.qasm,5,svd,20,23,57,64,57,0,22,10.3129,14.415,0.052674,340361.0,206512.0,248
benchmarks/vqe/vqe_real_amp_20.qasm,6,svd,20,23,57,64,57,0,22,9.66807,13.2922,0.052674,324644.0,195261.0,248
benchmarks/vqe/vqe_real_amp_20.qasm,7,svd,20,23,57,64,57,0,22,10.1759,13.7233,0.052674,323922.0,195716.0,248
benchmarks/vqe/vqe_two_local_10.qasm,1,cubic,10,37,135,64,380,371,32,29.1762,40.3022,0.085089,1342919.0,385195.0,551
benchmarks/vqe/vqe_two_local_10.qasm,2,cubic,10,37,135,64,380,371,32,28.2465,38.8525,0.085089,1342919.0,385195.0,551
benchmarks/vqe/vqe_two_local_10.qasm,3,cubic,10,37,135,64,380,371,32,28.4857,38.3772,0.085089,1342919.0,385195.0,551
benchmarks/vqe/vqe_two_local_10.qasm,4,cubic,10,37,135,64,380,371,32,27.9,38.3782,0.085089,1342919.0,385195.0,551
benchmarks/vqe/vqe_two_local_10.qasm,5,cubic,10,37,135,64,380,371,32,29.1387,40.7323,0.085089,1342919.0,385195.0,551
benchmarks/vqe/vqe_two_local_10.qasm,6,cubic,10,37,135,64,380,371,32,29.4896,39.7832,0.085089,1342919.0,385195.0,551
benchmarks/vqe/vqe_two_local_10.qasm,7,cubic,10,37,135,64,380,371,32,26.5128,36.3747,0.085089,1342919.0,385195.0,551
benchmarks/vqe/vqe_two_local_10.qasm,1,svd,10,37,135,64,380,371,32,29.0773,38.9863,0.10467,1342919.0,385195.0,551
benchmarks/vqe/vqe_two_local_10.qasm,2,svd,10,37,135,64,380,371,32,29.5012,39.3477,0.10467,1342919.0,385195.0,551
benchmarks/vqe/vqe_two_local_10.qasm,3,svd,10,37,135,64,380,371,32,28.3219,38.1376,0.10467,1342919.0,385195.0,551
benchmarks/vqe/vqe_two_local_10.qasm,4,svd,10,37,135,64,380,371,32,29.0701,38.7966,0.10467,1342919.0,385195.0,551
benchmarks/vqe/vqe_two_local_10.qasm,5,svd,10,37,135,64,380,371,32,27.9764,37.7922,0.10467,1342919.0,385195.0,551
benchmarks/vqe/vqe_two_local_10.qasm,6,svd,10,37,135,64,380,371,32,27.0391,36.2917,0.10467,1342919.0,385195.0,551
benchmarks/vqe/vqe_two_local_10.qasm,7,svd,10,37,135,64,380,371,32,27.0986,36.6648,0.10467,1342919.0,385195.0,551
benchmarks/vqe/vqe_two_local_20.qasm,1,cubic,20,77,570,64,1795,2673,64,3619.96,3981.78,0.534771,190299502.0,151858092.0,3433
benchmarks/vqe/vqe_two_local_20.qasm,2,cubic,20,77,570,64,1795,2673,64,3711.09,4098.72,0.534771,190299502.0,151858092.0,3433
benchmarks/vqe/vqe_two_local_20.qasm,3,cubic,20,77,570,64,1795,2673,64,3563.17,3925.07,0.534771,190299502.0,151858092.0,3433
benchmarks/vqe/vqe_two_local_20.qasm,4,cubic,20,77,570,64,1795,2673,64,3604.67,3968.44,0.534771,190299502.0,151858092.0,3433
benchmarks/vqe/vqe_two_local_20.qasm,5,cubic,20,77,570,64,1795,2673,64,3792.68,4187.36,0.534771,190299502.0,151858092.0,3433
benchmarks/vqe/vqe_two_local_20.qasm,6,cubic,20,77,570,64,1795,2673,64,3773.14,4162.26,0.534771,190299502.0,151858092.0,3433
benchmarks/vqe/vqe_two_local_20.qasm,7,cubic,20,77,570,64,1795,2673,64,3690.55,4065.55,0.534771,190299502.0,151858092.0,3433
benchmarks/vqe/vqe_two_local_20.qasm,1,svd,20,77,570,64,1795,2673,64,3825.79,4206.4,0.734509,190299502.0,151858092.0,3433
benchmarks/vqe/vqe_two_local_20.qasm,2,svd,20,77,570,64,1795,2673,64,3630.93,4043.73,0.734509,190299502.0,151858092.0,3433
benchmarks/vqe/vqe_two_local_20.qasm,3,svd,20,77,570,64,1795,2673,64,3732.62,4100.35,0.734509,190299502.0,151858092.0,3433
benchmarks/vqe/vqe_two_local_20.qasm,4,svd,20,77,570,64,1795,2673,64,3678.88,4045.81,0.734509,190299502.0,151858092.0,3433
benchmarks/vqe/vqe_two_local_20.qasm,5,svd,20,77,570,64,1795,2673,64,3602.72,3967.59,0.734509,190299510.0,151858093.0,3434
benchmarks/vqe/vqe_two_local_20.qasm,6,svd,20,77,570,64,1795,2673,64,3720.59,4086.11,0.734509,190299502.0,151858092.0,3433
benchmarks/vqe/vqe_two_local_20.qasm,7,svd,20,77,570,64,1795,2673,64,3462.68,3805.54,0.734509,190299502.0,151858092.0,3433
