svd_rows,svd_cols,svd_solver,count,median_svd_time_ns,q1_ns,q3_ns,iqr_ns,rep_cubic_cost,rep_svd_cost
2,2,jacobi,1260,459.0,162.0,699.0,537.0,1.0,1.0
2,4,jacobi,1819,1282.0,960.0,1696.0,736.0,1.0,2.0
2,6,jacobi,73,1769.0,1532.0,2025.0,493.0,8.0,3.0
2,8,jacobi,3613,2067.0,1639.0,2415.0,776.0,8.0,4.0
2,10,jacobi,16,2360.5,2159.0,2571.0,412.0,64.0,5.0
2,12,jacobi,48,2252.5,1872.0,2605.0,733.0,64.0,6.0
2,16,jacobi,302,1926.0,1733.0,2186.0,453.0,64.0,8.0
4,2,jacobi,3093,1238.0,918.0,1602.0,684.0,8.0,2.0
4,4,jacobi,2290,1166.0,911.0,1539.0,628.0,8.0,8.0
4,6,jacobi,234,3255.5,2585.0,3802.0,1217.0,64.0,12.0
4,8,jacobi,2009,3398.0,2652.0,4117.0,1465.0,8.0,16.0
4,10,jacobi,48,3882.0,3680.0,4324.0,644.0,64.0,20.0
4,12,jacobi,294,3522.5,2859.0,4174.0,1315.0,64.0,24.0
4,14,jacobi,84,4159.0,3706.0,4864.0,1158.0,64.0,28.0
4,16,jacobi,3941,7945.0,5869.0,11642.0,5773.0,64.0,32.0
4,24,bdc,14,15182.5,14306.0,16193.0,1887.0,216.0,48.0
4,32,bdc,224,13455.5,11535.0,16416.0,4881.0,512.0,64.0
6,2,jacobi,82,2073.5,1897.0,2452.0,555.0,8.0,3.0
6,4,jacobi,223,3067.0,2589.0,3579.0,990.0,8.0,12.0
6,6,jacobi,42,2145.5,2013.0,2396.0,383.0,64.0,27.0
6,8,jacobi,296,5089.0,3539.0,6135.0,2596.0,27.0,36.0
6,10,jacobi,42,4155.5,2735.0,7268.0,4533.0,64.0,45.0
6,12,jacobi,168,6327.0,5588.0,7279.0,1691.0,972.0,54.0
6,16,jacobi,145,7356.0,6575.0,8169.0,1594.0,216.0,72.0
6,20,jacobi,14,6522.5,5987.0,7168.0,1181.0,125.0,90.0
6,24,bdc,84,14227.0,12893.0,16111.0,3218.0,216.0,108.0
8,2,jacobi,4378,2078.0,1779.0,2368.0,589.0,8.0,4.0
8,4,jacobi,2123,3277.0,2750.0,4287.0,1537.0,64.0,16.0
8,6,jacobi,196,5537.0,3961.0,6294.0,2333.0,64.0,36.0
8,8,jacobi,1750,3795.0,2727.0,6890.0,4163.0,64.0,64.0
8,10,jacobi,28,7465.5,6064.0,9198.0,3134.0,532.0,80.0
8,12,jacobi,184,8756.5,6904.0,9937.0,3033.0,64.0,96.0
8,14,jacobi,28,8592.5,7523.0,9728.0,2205.0,140.0,112.0
8,16,jacobi,1157,10725.0,8502.0,18625.0,10123.0,64.0,128.0
8,18,jacobi,28,18898.0,13166.0,23309.0,10143.0,4096.0,144.0
8,20,jacobi,110,13929.0,10707.0,21071.0,10364.0,512.0,160.0
8,22,jacobi,11,20287.0,19236.0,24167.0,4931.0,4096.0,176.0
8,24,bdc,195,18713.0,16744.0,21306.0,4562.0,512.0,192.0
8,26,bdc,54,19957.0,17027.0,22595.0,5568.0,512.0,208.0
8,28,bdc,168,22319.0,20469.0,25090.0,4621.0,512.0,224.0
8,30,bdc,28,21236.0,19689.0,22698.0,3009.0,512.0,240.0
8,32,bdc,3738,27431.0,24157.0,30607.0,6450.0,512.0,256.0
8,36,bdc,14,27470.0,26492.0,30415.0,3923.0,4096.0,288.0
8,40,bdc,12,26101.5,25639.0,37223.0,11584.0,4096.0,320.0
8,44,bdc,24,31087.5,29051.0,35537.0,6486.0,4096.0,352.0
10,4,jacobi,23,3205.0,2732.0,3631.0,899.0,64.0,20.0
10,6,jacobi,14,6422.0,5997.0,7199.0,1202.0,216.0,45.0
10,8,jacobi,89,8827.0,7724.0,9605.0,1881.0,125.0,80.0
10,10,jacobi,28,13762.0,4160.0,25451.0,21291.0,5356.0,125.0
10,12,jacobi,84,7990.0,6390.0,14147.0,7757.0,125.0,150.0
10,14,jacobi,28,15830.5,14344.0,17659.0,3315.0,6048.0,175.0
10,16,jacobi,108,14061.0,12221.0,17377.0,5156.0,4096.0,200.0
10,20,jacobi,56,17024.5,14476.0,18772.0,4296.0,1000.0,250.0
10,22,jacobi,28,17081.5,16137.0,18382.0,2245.0,4964.0,275.0
10,24,bdc,14,27373.5,25858.0,29510.0,3652.0,1728.0,300.0
10,32,bdc,42,29896.0,27613.0,33132.0,5519.0,2744.0,400.0
10,40,bdc,14,33418.5,31229.0,35525.0,4296.0,1000.0,500.0
12,4,jacobi,166,3475.5,2914.0,3947.0,1033.0,64.0,24.0
12,6,jacobi,140,6950.0,6350.0,7724.0,1374.0,972.0,54.0
12,8,jacobi,226,9035.0,6058.0,10475.0,4417.0,216.0,96.0
12,10,jacobi,56,12462.5,11083.0,15068.0,3985.0,1728.0,150.0
12,12,jacobi,98,5845.0,4698.0,13398.0,8700.0,64.0,216.0
12,16,jacobi,130,16549.5,14867.0,19492.0,4625.0,512.0,288.0
12,24,bdc,196,31454.5,28918.0,37046.0,8128.0,512.0,432.0
12,28,bdc,42,33640.5,31546.0,37302.0,5756.0,1728.0,504.0
12,32,bdc,112,34746.5,32613.0,39134.0,6521.0,877.5,576.0
12,36,bdc,28,39164.0,37251.0,41927.0,4676.0,2744.0,648.0
14,4,jacobi,80,4695.5,3999.0,5381.0,1382.0,64.0,28.0
14,6,jacobi,14,8422.5,7533.0,9133.0,1600.0,64.0,63.0
14,8,jacobi,28,10092.0,9573.0,11279.0,1706.0,170.5,112.0
14,10,jacobi,14,14874.5,13988.0,16265.0,2277.0,2744.0,175.0
14,14,jacobi,42,34398.5,30698.0,44477.0,13779.0,5832.0,343.0
14,16,jacobi,210,23080.0,20221.0,26100.0,5879.0,4096.0,392.0
14,18,jacobi,28,26796.5,22924.0,30193.0,7269.0,4288.0,441.0
14,20,jacobi,42,29556.5,28864.0,32922.0,4058.0,6859.0,490.0
14,24,bdc,28,42405.0,40948.0,44398.0,3450.0,2744.0,588.0
14,28,bdc,98,45366.5,41051.0,49235.0,8184.0,2744.0,686.0
14,32,bdc,126,46880.5,43357.0,51862.0,8505.0,2744.0,784.0
14,36,bdc,14,48735.0,45228.0,57419.0,12191.0,2744.0,882.0
14,40,bdc,14,50555.5,48398.0,67886.0,19488.0,8000.0,980.0
14,44,bdc,28,53353.0,48264.0,60759.0,12495.0,5832.0,1078.0
16,2,jacobi,336,2171.0,1904.0,2594.0,690.0,64.0,8.0
16,4,jacobi,6509,6060.0,4991.0,7126.0,2135.0,64.0,32.0
16,6,jacobi,28,7560.5,7319.0,8192.0,873.0,2304.0,72.0
16,8,jacobi,1176,9980.5,8463.0,14839.0,6376.0,512.0,128.0
16,10,jacobi,154,12876.0,8399.0,15726.0,7327.0,512.0,200.0
16,12,jacobi,266,18035.5,9245.0,21124.0,11879.0,512.0,288.0
16,14,jacobi,182,26663.0,21716.0,31216.0,9500.0,2744.0,392.0
16,16,jacobi,882,13362.5,9631.0,47846.0,38215.0,2197.0,512.0
16,18,jacobi,180,50094.5,37036.0,69109.0,32073.0,4096.0,576.0
16,20,jacobi,72,31188.5,26003.0,50978.0,24975.0,4096.0,640.0
16,22,jacobi,72,40448.5,33771.0,51703.0,17932.0,4096.0,704.0
16,24,bdc,223,49500.0,45824.0,56717.0,10893.0,4096.0,768.0
16,26,bdc,89,57018.0,52062.0,76170.0,24108.0,4096.0,832.0
16,28,bdc,56,57086.0,53437.0,61814.0,8377.0,2912.0,896.0
16,30,bdc,70,53886.5,50090.0,59491.0,9401.0,4096.0,960.0
16,32,bdc,700,54218.0,49339.0,61843.0,12504.0,4096.0,1024.0
16,34,bdc,126,69123.0,60170.0,95475.0,35305.0,4096.0,1088.0
16,36,bdc,168,82121.5,59302.0,93945.0,34643.0,4096.0,1152.0
16,38,bdc,28,62646.0,57874.0,67614.0,9740.0,4096.0,1216.0
16,40,bdc,111,62066.0,55730.0,72839.0,17109.0,1728.0,1280.0
16,42,bdc,14,94503.5,86455.0,101968.0,15513.0,4096.0,1344.0
16,44,bdc,65,93025.0,64568.0,102802.0,38234.0,4096.0,1408.0
16,46,bdc,14,89560.5,83037.0,107547.0,24510.0,4096.0,1472.0
16,50,bdc,14,103010.5,91819.0,107354.0,15535.0,4096.0,1600.0
16,52,bdc,14,84092.5,78939.0,92353.0,13414.0,4096.0,1664.0
16,56,bdc,28,97778.0,92141.0,107469.0,15328.0,4096.0,1792.0
16,64,bdc,2352,116144.5,106216.0,127060.0,20844.0,4096.0,2048.0
18,10,jacobi,14,15488.0,14282.0,17218.0,2936.0,2744.0,225.0
18,12,jacobi,28,29767.5,27783.0,32990.0,5207.0,1728.0,324.0
18,14,jacobi,84,23659.0,22003.0,26379.0,4376.0,2744.0,441.0
18,16,jacobi,476,36641.5,26060.0,60933.0,34873.0,4096.0,576.0
18,18,jacobi,166,96500.5,65278.0,139765.0,74487.0,5832.0,729.0
18,20,jacobi,98,41238.0,37159.0,44531.0,7372.0,5832.0,810.0
18,22,jacobi,42,63922.5,43849.0,76587.0,32738.0,5832.0,891.0
18,24,bdc,14,73172.5,70353.0,75433.0,5080.0,4096.0,972.0
18,26,bdc,28,65836.0,60248.0,74569.0,14321.0,4288.0,1053.0
18,28,bdc,42,64974.0,58929.0,69620.0,10691.0,5832.0,1134.0
18,30,bdc,14,73406.5,70018.0,77914.0,7896.0,4096.0,1215.0
18,32,bdc,140,67917.5,62325.0,73720.0,11395.0,4964.0,1296.0
18,36,bdc,42,72780.0,65461.0,76341.0,10880.0,2744.0,1458.0
18,40,bdc,14,77243.5,69514.0,85485.0,15971.0,5832.0,1620.0
18,44,bdc,14,76691.0,72709.0,89238.0,16529.0,10648.0,1782.0
20,6,jacobi,14,7881.5,7343.0,9397.0,2054.0,216.0,90.0
20,8,jacobi,80,10333.0,9656.0,11107.0,1451.0,512.0,160.0
20,10,jacobi,42,14011.0,13243.0,15332.0,2089.0,1728.0,250.0
20,12,jacobi,28,19681.0,18738.0,22740.0,4002.0,4864.0,360.0
20,14,jacobi,28,27323.5,24920.0,33448.0,8528.0,4288.0,490.0
20,16,jacobi,415,51432.0,26767.0,62231.0,35464.0,4096.0,640.0
20,18,jacobi,128,41368.5,36706.0,60451.0,23745.0,5832.0,810.0
20,20,jacobi,307,38944.0,29609.0,50051.0,20442.0,125.0,1000.0
20,22,jacobi,42,47426.0,39343.0,72194.0,32851.0,8000.0,1100.0
20,24,bdc,14,72104.0,63348.0,75617.0,12269.0,8000.0,1200.0
20,28,bdc,14,76551.0,69957.0,80438.0,10481.0,125.0,1400.0
20,32,bdc,56,76783.0,70829.0,85253.0,14424.0,8000.0,1600.0
20,36,bdc,14,86323.0,74787.0,101043.0,26256.0,8000.0,1800.0
20,40,bdc,42,79511.5,74994.0,87043.0,12049.0,1000.0,2000.0
20,44,bdc,28,96566.0,91226.0,106221.0,14995.0,1331.0,2200.0
22,10,jacobi,14,14382.5,14045.0,15216.0,1171.0,4096.0,275.0
22,12,jacobi,14,16313.5,15051.0,18087.0,3036.0,1728.0,396.0
22,14,jacobi,14,27404.5,25605.0,29586.0,3981.0,10648.0,539.0
22,16,jacobi,243,35084.0,31509.0,40718.0,9209.0,4096.0,704.0
22,18,jacobi,42,37968.0,34376.0,42189.0,7813.0,5832.0,891.0
22,20,jacobi,105,74255.0,62463.0,79216.0,16753.0,8000.0,1100.0
22,22,jacobi,35,216527.0,162528.0,245271.0,82743.0,4096.0,1331.0
22,24,bdc,70,88021.5,81696.0,95726.0,14030.0,2744.0,1452.0
22,26,bdc,28,88060.0,83931.0,100132.0,16201.0,6696.0,1573.0
22,28,bdc,70,93294.0,85851.0,99934.0,14083.0,8000.0,1694.0
22,30,bdc,14,95854.0,88724.0,101703.0,12979.0,5832.0,1815.0
22,32,bdc,14,88797.5,79196.0,94474.0,15278.0,5832.0,1936.0
22,44,bdc,56,103271.5,96519.0,115749.0,19230.0,1962.5,2662.0
24,4,bdc,14,12810.5,11343.0,13206.0,1863.0,216.0,48.0
24,6,bdc,98,9317.0,8681.0,10165.0,1484.0,216.0,108.0
24,8,bdc,172,12369.5,11452.0,15067.0,3615.0,512.0,192.0
24,10,bdc,28,19555.0,17664.0,20976.0,3312.0,3416.0,300.0
24,12,bdc,98,20562.5,18224.0,23682.0,5458.0,216.0,432.0
24,14,bdc,84,26336.0,19094.0,29254.0,10160.0,2744.0,588.0
24,16,bdc,448,29914.0,25359.0,43160.0,17801.0,4096.0,768.0
24,18,bdc,14,43222.0,39432.0,44884.0,5452.0,5832.0,972.0
24,20,bdc,45,40281.0,36436.0,82135.0,45699.0,216.0,1200.0
24,22,bdc,69,61977.0,47406.0,85986.0,38580.0,5832.0,1452.0
24,24,bdc,240,101217.5,92210.0,113984.0,21774.0,1728.0,1728.0
24,26,bdc,14,119732.5,109654.0,135114.0,25460.0,2197.0,1872.0
24,28,bdc,70,103651.5,93012.0,116788.0,23776.0,343.0,2016.0
24,32,bdc,126,108488.0,98237.0,119042.0,20805.0,4096.0,2304.0
24,36,bdc,42,121644.0,112316.0,132166.0,19850.0,1728.0,2592.0
24,38,bdc,14,109600.0,99183.0,120492.0,21309.0,216.0,2736.0
24,40,bdc,89,121258.0,113991.0,131237.0,17246.0,1728.0,2880.0
24,44,bdc,99,136649.0,125156.0,153945.0,28789.0,3375.0,3168.0
26,8,bdc,28,13183.0,12338.0,14012.0,1674.0,512.0,208.0
26,14,bdc,14,26838.5,24668.0,29977.0,5309.0,5832.0,637.0
26,16,bdc,294,34155.5,31961.0,39466.0,7505.0,4096.0,832.0
26,18,bdc,28,41903.0,36474.0,51736.0,15262.0,5832.0,1053.0
26,20,bdc,17,53765.0,49884.0,58259.0,8375.0,2744.0,1300.0
26,22,bdc,60,88007.0,54352.0,127898.0,73546.0,10648.0,1573.0
26,24,bdc,88,111780.0,104734.0,121692.0,16958.0,2197.0,1872.0
26,26,bdc,56,125362.5,119701.0,136299.0,16598.0,2744.0,2197.0
26,28,bdc,56,136130.0,126237.0,151515.0,25278.0,2197.0,2366.0
26,30,bdc,14,145259.5,137338.0,206746.0,69408.0,3375.0,2535.0
26,32,bdc,56,137732.5,129914.0,154356.0,24442.0,4096.0,2704.0
26,34,bdc,14,133638.5,127880.0,141972.0,14092.0,2744.0,2873.0
26,36,bdc,70,139268.5,129778.0,148285.0,18507.0,2744.0,3042.0
26,40,bdc,34,145492.5,129882.0,169691.0,39809.0,1728.0,3380.0
26,42,bdc,14,156556.5,145945.0,182654.0,36709.0,2744.0,3549.0
26,44,bdc,14,138730.0,135050.0,157147.0,22097.0,1728.0,3718.0
26,46,bdc,14,160729.0,153208.0,174854.0,21646.0,5832.0,3887.0
26,50,bdc,14,190312.5,173794.0,210440.0,36646.0,4096.0,4225.0
28,4,bdc,14,6851.5,6350.0,7328.0,978.0,512.0,56.0
28,6,bdc,14,7654.5,7469.0,8359.0,890.0,64.0,126.0
28,8,bdc,210,16233.0,12564.0,19302.0,6738.0,512.0,224.0
28,12,bdc,70,25104.5,22452.0,27945.0,5493.0,2744.0,504.0
28,14,bdc,112,28876.0,26042.0,31247.0,5205.0,3420.0,686.0
28,16,bdc,168,37482.5,32403.0,47430.0,15027.0,4096.0,896.0
28,18,bdc,126,46330.0,41679.0,50928.0,9249.0,5832.0,1134.0
28,20,bdc,56,42889.0,39703.0,47410.0,7707.0,620.5,1400.0
28,22,bdc,42,61116.5,54561.0,92136.0,37575.0,10648.0,1694.0
28,24,bdc,126,109410.5,100032.0,121657.0,21625.0,512.0,2016.0
28,26,bdc,84,130881.5,121781.0,144399.0,22618.0,2786.0,2366.0
28,28,bdc,448,136224.0,123636.0,151869.0,28233.0,343.0,2744.0
28,32,bdc,168,148627.0,137557.0,162323.0,24766.0,1364.0,3136.0
28,34,bdc,14,167507.5,159147.0,179064.0,19917.0,3375.0,3332.0
28,36,bdc,84,148443.0,137158.0,168260.0,31102.0,729.0,3528.0
28,38,bdc,14,134657.5,124331.0,143298.0,18967.0,343.0,3724.0
28,40,bdc,28,160942.5,145904.0,184455.0,38551.0,2628.0,3920.0
28,42,bdc,42,178410.0,165136.0,187970.0,22834.0,4096.0,4116.0
28,44,bdc,14,171338.0,157720.0,197577.0,39857.0,1728.0,4312.0
30,4,bdc,14,8928.0,8262.0,9305.0,1043.0,1728.0,60.0
30,8,bdc,42,12681.5,11945.0,13860.0,1915.0,512.0,240.0
30,12,bdc,14,23111.0,22800.0,23570.0,770.0,5832.0,540.0
30,16,bdc,42,36932.5,31715.0,70523.0,38808.0,4096.0,960.0
30,18,bdc,56,48145.5,44930.0,52707.0,7777.0,5832.0,1215.0
30,20,bdc,42,54000.5,50248.0,57897.0,7649.0,8000.0,1500.0
30,22,bdc,28,56221.0,54384.0,61151.0,6767.0,9324.0,1815.0
30,24,bdc,14,118342.5,104867.0,126006.0,21139.0,2197.0,2160.0
30,26,bdc,56,136769.5,124706.0,147444.0,22738.0,3735.5,2535.0
30,28,bdc,28,147654.0,137489.0,159400.0,21911.0,3059.5,2940.0
30,30,bdc,98,175744.5,162352.0,185801.0,23449.0,4096.0,3375.0
30,32,bdc,70,204242.0,179565.0,220315.0,40750.0,2197.0,3600.0
30,36,bdc,56,181350.0,166136.0,195423.0,29287.0,5886.0,4050.0
30,42,bdc,14,205526.0,191367.0,222520.0,31153.0,2197.0,4725.0
30,44,bdc,14,202592.5,187135.0,212511.0,25376.0,5832.0,4950.0
30,46,bdc,14,223356.0,193468.0,247592.0,54124.0,4913.0,5175.0
32,4,bdc,252,10294.0,9359.0,11601.0,2242.0,512.0,64.0
32,6,bdc,14,10508.5,9619.0,12079.0,2460.0,512.0,144.0
32,8,bdc,6454,28865.0,19155.0,38106.0,18951.0,512.0,256.0
32,10,bdc,28,20490.0,18579.0,22350.0,3771.0,1728.0,400.0
32,12,bdc,126,23490.5,20533.0,26540.0,6007.0,27.0,576.0
32,16,bdc,1204,36675.0,30087.0,63554.0,33467.0,1728.0,1024.0
32,18,bdc,70,49420.0,45006.0,77829.0,32823.0,4096.0,1296.0
32,20,bdc,40,51812.0,47329.0,84643.0,37314.0,8000.0,1600.0
32,22,bdc,94,65232.0,57764.0,85820.0,28056.0,8000.0,1936.0
32,24,bdc,132,112649.0,98069.0,129066.0,30997.0,4096.0,2304.0
32,26,bdc,126,133561.0,124059.0,147608.0,23549.0,3375.0,2704.0
32,28,bdc,140,152401.0,141513.0,169758.0,28245.0,1463.0,3136.0
32,30,bdc,56,177995.5,168914.0,204018.0,35104.0,4144.0,3600.0
32,32,bdc,1372,238993.5,186334.0,311044.0,124710.0,5832.0,4096.0
32,34,bdc,42,213886.0,183256.0,309340.0,126084.0,4913.0,4352.0
32,36,bdc,182,204875.5,188946.0,224747.0,35801.0,2197.0,4608.0
32,38,bdc,112,206373.5,191532.0,229905.0,38373.0,6859.0,4864.0
32,40,bdc,70,198309.0,165425.0,217454.0,52029.0,2197.0,5120.0
32,42,bdc,84,214303.5,197352.0,230860.0,33508.0,5477.5,5376.0
32,44,bdc,98,229243.5,199703.0,287447.0,87744.0,2197.0,5632.0
32,48,bdc,42,227488.0,215179.0,267745.0,52566.0,4096.0,6144.0
32,50,bdc,14,272590.5,258723.0,316197.0,57474.0,32768.0,6400.0
32,60,bdc,28,350538.0,329584.0,378026.0,48442.0,18788.5,7680.0
32,64,bdc,196,338370.5,298857.0,375667.0,76810.0,4913.0,8192.0
32,66,bdc,70,333042.5,305380.0,355577.0,50197.0,32768.0,8448.0
32,68,bdc,14,404268.0,356500.0,428503.0,72003.0,32768.0,8704.0
32,70,bdc,14,403748.5,384542.0,435030.0,50488.0,32768.0,8960.0
32,72,bdc,98,385321.0,350324.0,441176.0,90852.0,32768.0,9216.0
32,74,bdc,28,371961.0,313126.0,436419.0,123293.0,32768.0,9472.0
32,76,bdc,42,374337.5,354132.0,413724.0,59592.0,32768.0,9728.0
32,78,bdc,14,382713.0,341471.0,400386.0,58915.0,32768.0,9984.0
32,80,bdc,28,355576.5,291590.0,435889.0,144299.0,32768.0,10240.0
32,82,bdc,56,434452.5,392491.0,456995.0,64504.0,32768.0,10496.0
32,84,bdc,28,423755.0,376890.0,449817.0,72927.0,32768.0,10752.0
32,94,bdc,28,423088.5,391262.0,462273.0,71011.0,25172.0,12032.0
32,128,bdc,1554,526729.5,484765.0,573782.0,89017.0,32768.0,16384.0
34,10,bdc,14,19236.5,17449.0,21857.0,4408.0,8000.0,425.0
34,14,bdc,14,36768.0,32682.0,53424.0,20742.0,2744.0,833.0
34,16,bdc,518,109064.5,75890.0,131547.0,55657.0,4096.0,1088.0
34,18,bdc,28,45026.5,41865.0,50063.0,8198.0,2236.0,1377.0
34,20,bdc,28,51700.5,49201.0,57327.0,8126.0,2548.0,1700.0
34,22,bdc,28,167511.5,158584.0,178370.0,19786.0,8240.0,2057.0
34,24,bdc,98,123795.0,114259.0,133596.0,19337.0,4913.0,2448.0
34,26,bdc,14,146033.5,130342.0,154184.0,23842.0,3375.0,2873.0
34,28,bdc,42,160718.5,147681.0,171693.0,24012.0,3375.0,3332.0
34,30,bdc,14,182426.0,170109.0,188351.0,18242.0,6859.0,3825.0
34,32,bdc,168,195918.0,175719.0,217659.0,41940.0,5372.5,4352.0
34,34,bdc,14,147063.0,137959.0,161782.0,23823.0,4096.0,4913.0
34,36,bdc,14,238858.0,217190.0,256828.0,39638.0,4096.0,5202.0
34,40,bdc,42,229084.0,206286.0,237498.0,31212.0,8000.0,5780.0
34,44,bdc,70,240024.5,220805.0,254375.0,33570.0,4096.0,6358.0
34,50,bdc,14,262166.5,244390.0,281442.0,37052.0,5832.0,7225.0
34,128,bdc,126,587770.5,539748.0,626677.0,86929.0,32768.0,18496.0
36,10,bdc,28,19491.5,18157.0,21887.0,3730.0,1872.0,450.0
36,14,bdc,56,37049.0,34743.0,39514.0,4771.0,4288.0,882.0
36,16,bdc,238,51946.0,35603.0,107811.0,72208.0,4096.0,1152.0
36,18,bdc,56,49332.5,42414.0,71025.0,28611.0,4288.0,1458.0
36,20,bdc,42,58082.0,50707.0,86532.0,35825.0,2744.0,1800.0
36,22,bdc,42,77105.5,66478.0,91050.0,24572.0,5832.0,2178.0
36,24,bdc,112,139217.5,125061.0,159091.0,34030.0,2470.5,2592.0
36,26,bdc,84,152630.0,138401.0,176697.0,38296.0,6916.0,3042.0
36,28,bdc,140,151686.0,142658.0,169664.0,27006.0,729.0,3528.0
36,30,bdc,14,194791.5,171273.0,210909.0,39636.0,5832.0,4050.0
36,32,bdc,504,187099.5,168077.0,209676.0,41599.0,729.0,4608.0
36,34,bdc,14,238750.0,213083.0,258453.0,45370.0,10648.0,5202.0
36,36,bdc,364,229063.0,204745.0,260297.0,55552.0,729.0,5832.0
36,38,bdc,28,212792.0,201506.0,235372.0,33866.0,1000.0,6156.0
36,40,bdc,56,256669.0,241005.0,279336.0,38331.0,3416.0,6480.0
36,42,bdc,70,277319.5,256489.0,298005.0,41516.0,6859.0,6804.0
36,44,bdc,70,255525.5,236900.0,290031.0,53131.0,2197.0,7128.0
36,50,bdc,42,303991.0,282669.0,338797.0,56128.0,10648.0,8100.0
36,58,bdc,14,354089.0,305725.0,379392.0,73667.0,9261.0,9396.0
36,64,bdc,14,326443.0,302314.0,351245.0,48931.0,24389.0,10368.0
36,82,bdc,14,399375.0,378315.0,420631.0,42316.0,19683.0,13284.0
36,90,bdc,28,422598.5,391543.0,461506.0,69963.0,16600.5,14580.0
36,94,bdc,14,443769.5,405887.0,467924.0,62037.0,32768.0,15228.0
36,96,bdc,14,421932.5,403010.0,462618.0,59608.0,19683.0,15552.0
38,8,bdc,14,30916.0,28076.0,31850.0,3774.0,4096.0,304.0
38,16,bdc,70,75057.0,48031.0,130342.0,82311.0,4096.0,1216.0
38,20,bdc,14,65645.5,57353.0,67971.0,10618.0,5832.0,1900.0
38,22,bdc,56,162931.5,135184.0,173210.0,38026.0,10648.0,2299.0
38,24,bdc,42,126882.5,117836.0,136153.0,18317.0,4913.0,2736.0
38,26,bdc,70,173793.0,155068.0,195713.0,40645.0,5832.0,3211.0
38,30,bdc,14,187783.0,172985.0,202362.0,29377.0,5832.0,4275.0
38,32,bdc,154,209825.5,193154.0,230620.0,37466.0,4913.0,4864.0
38,34,bdc,42,241569.0,228250.0,268712.0,40462.0,9261.0,5491.0
38,36,bdc,28,265600.5,253776.0,308985.0,55209.0,6947.5,6156.0
38,40,bdc,14,244710.0,226862.0,252727.0,25865.0,1000.0,7220.0
38,42,bdc,28,299633.5,279313.0,312446.0,33133.0,8630.5,7581.0
38,44,bdc,70,317425.5,287603.0,366008.0,78405.0,6859.0,7942.0
38,46,bdc,28,315555.0,298089.0,348148.0,50059.0,11407.5,8303.0
38,50,bdc,14,332868.0,296827.0,354437.0,57610.0,12167.0,9025.0
40,10,bdc,112,22298.5,20479.0,25077.0,4598.0,1000.0,500.0
40,16,bdc,168,98145.0,37864.0,136341.0,98477.0,4096.0,1280.0
40,18,bdc,14,49011.5,45079.0,54189.0,9110.0,2197.0,1620.0
40,20,bdc,56,52756.0,48983.0,60555.0,11572.0,6048.0,2000.0
40,22,bdc,14,164365.5,143373.0,201803.0,58430.0,5832.0,2420.0
40,24,bdc,70,150004.0,132282.0,176800.0,44518.0,2744.0,2880.0
40,28,bdc,42,170385.0,156737.0,180173.0,23436.0,1000.0,3920.0
40,30,bdc,42,186073.0,172243.0,201848.0,29605.0,3375.0,4500.0
40,32,bdc,290,197550.5,174639.0,221782.0,47143.0,1000.0,5120.0
40,34,bdc,42,243236.5,229937.0,262144.0,32207.0,8000.0,5780.0
40,36,bdc,168,232623.5,204602.0,264189.0,59587.0,1000.0,6480.0
40,38,bdc,28,259246.5,220159.0,288531.0,68372.0,5824.0,7220.0
40,40,bdc,126,277890.5,252412.0,311966.0,59554.0,1000.0,8000.0
40,42,bdc,28,325249.0,301739.0,344507.0,42768.0,9261.0,8400.0
40,44,bdc,56,303700.5,267706.0,329566.0,61860.0,3581.5,8800.0
40,46,bdc,14,358385.0,336744.0,376714.0,39970.0,5832.0,9200.0
40,50,bdc,14,349787.0,329997.0,367943.0,37946.0,21952.0,10000.0
40,58,bdc,14,397756.5,366112.0,413424.0,47312.0,9261.0,11600.0
40,70,bdc,14,415949.5,392165.0,442162.0,49997.0,9261.0,14000.0
42,16,bdc,14,66895.0,63556.0,73425.0,9869.0,4096.0,1344.0
42,20,bdc,14,138473.5,128188.0,154030.0,25842.0,10648.0,2100.0
42,24,bdc,14,142155.0,132300.0,148704.0,16404.0,3375.0,3024.0
42,26,bdc,28,150643.5,144211.0,164763.0,20552.0,6916.0,3549.0
42,28,bdc,28,199403.0,193083.0,236159.0,43076.0,5372.0,4116.0
42,30,bdc,14,187352.5,178836.0,202919.0,24083.0,9261.0,4725.0
42,32,bdc,14,257391.5,246859.0,285695.0,38836.0,8000.0,5376.0
42,34,bdc,42,238393.5,227387.0,261306.0,33919.0,6859.0,6069.0
42,36,bdc,28,274307.5,260629.0,298356.0,37727.0,10269.0,6804.0
42,38,bdc,28,298586.0,282069.0,325016.0,42947.0,18278.0,7581.0
42,40,bdc,28,322944.0,303110.0,358869.0,55759.0,9261.0,8400.0
42,50,bdc,28,406583.5,383853.0,435259.0,51406.0,20007.0,11025.0
42,54,bdc,14,384875.0,369486.0,417238.0,47752.0,50653.0,11907.0
42,58,bdc,28,423491.5,397290.0,461497.0,64207.0,10912.0,12789.0
42,76,bdc,14,533630.5,507634.0,563202.0,55568.0,15625.0,16758.0
44,14,bdc,42,35413.5,31168.0,37779.0,6611.0,3375.0,1078.0
44,16,bdc,42,127411.5,84073.0,141781.0,57708.0,4096.0,1408.0
44,18,bdc,42,54973.0,50245.0,61266.0,11021.0,2744.0,1782.0
44,20,bdc,14,66800.5,63833.0,68079.0,4246.0,8000.0,2200.0
44,22,bdc,70,86975.0,69859.0,103293.0,33434.0,1728.0,2662.0
44,24,bdc,70,136863.0,126933.0,156845.0,29912.0,2744.0,3168.0
44,26,bdc,70,166993.0,150075.0,189412.0,39337.0,2744.0,3718.0
44,28,bdc,70,198691.5,170989.0,231116.0,60127.0,8000.0,4312.0
44,30,bdc,42,251800.5,215653.0,278484.0,62831.0,4096.0,4950.0
44,32,bdc,326,220218.0,201683.0,243732.0,42049.0,4913.0,5632.0
44,34,bdc,14,243693.5,233380.0,259764.0,26384.0,10648.0,6358.0
44,36,bdc,140,248909.0,220334.0,299837.0,79503.0,2353.0,7128.0
44,38,bdc,42,316367.0,299960.0,331348.0,31388.0,9261.0,7942.0
44,40,bdc,128,291590.0,259254.0,330639.0,71385.0,1331.0,8800.0
44,42,bdc,14,348717.5,324318.0,375437.0,51119.0,13824.0,9702.0
44,44,bdc,140,354612.5,323839.0,391962.0,68123.0,1331.0,10648.0
44,48,bdc,14,433614.0,411228.0,487189.0,75961.0,10648.0,11616.0
44,50,bdc,28,440828.5,409295.0,463597.0,54302.0,14724.5,12100.0
44,52,bdc,42,426384.5,394700.0,463111.0,68411.0,19683.0,12584.0
44,58,bdc,14,432365.0,398839.0,466810.0,67971.0,29791.0,14036.0
44,88,bdc,14,583475.5,544009.0,631636.0,87627.0,64000.0,21296.0
46,16,bdc,56,120945.0,83023.0,145903.0,62880.0,4096.0,1472.0
46,24,bdc,14,127870.0,123246.0,137542.0,14296.0,6859.0,3312.0
46,26,bdc,14,171129.5,167699.0,195792.0,28093.0,1728.0,3887.0
46,28,bdc,28,205028.5,195936.0,233050.0,37114.0,7087.0,4508.0
46,30,bdc,14,207936.5,188463.0,219714.0,31251.0,4096.0,5175.0
46,32,bdc,28,207223.5,196591.0,220477.0,23886.0,10714.0,5888.0
46,34,bdc,14,251874.5,228569.0,266931.0,38362.0,12167.0,6647.0
46,36,bdc,42,289032.0,271249.0,324981.0,53732.0,12167.0,7452.0
46,38,bdc,28,293949.0,280372.0,330634.0,50262.0,15625.0,8303.0
46,40,bdc,42,331628.5,300963.0,359509.0,58546.0,10648.0,9200.0
46,42,bdc,28,381202.5,359659.0,425295.0,65636.0,9828.0,10143.0
46,46,bdc,14,443645.5,389951.0,463596.0,73645.0,12167.0,12167.0
46,48,bdc,28,457405.0,436674.0,490349.0,53675.0,15625.0,12696.0
48,16,bdc,84,145044.0,130482.0,171192.0,40710.0,4096.0,1536.0
48,38,bdc,14,300655.5,284933.0,326274.0,41341.0,10648.0,8664.0
48,44,bdc,28,426300.5,404405.0,497669.0,93264.0,8911.0,11616.0
48,46,bdc,28,461012.5,438633.0,495131.0,56498.0,13432.5,12696.0
48,48,bdc,28,568242.5,547908.0,619481.0,71573.0,19526.0,13824.0
48,60,bdc,14,635015.0,564736.0,747175.0,182439.0,9261.0,17280.0
48,72,bdc,14,677152.0,632649.0,742686.0,110037.0,13824.0,20736.0
50,28,bdc,42,226179.0,189163.0,245504.0,56341.0,9261.0,4900.0
50,30,bdc,14,226279.0,211439.0,235754.0,24315.0,21952.0,5625.0
50,32,bdc,14,220945.5,208723.0,236238.0,27515.0,12167.0,6400.0
50,34,bdc,70,289068.0,260645.0,301289.0,40644.0,12167.0,7225.0
50,38,bdc,56,331925.0,315723.0,357121.0,41398.0,15700.0,9025.0
50,42,bdc,14,425115.0,403501.0,446515.0,43014.0,5832.0,11025.0
50,46,bdc,14,421973.0,410026.0,452752.0,42726.0,24389.0,13225.0
50,70,bdc,28,771925.0,703928.0,861068.0,157140.0,23296.0,21875.0
50,86,bdc,14,742662.5,689595.0,770993.0,81398.0,50653.0,26875.0
52,24,bdc,14,193772.0,177315.0,203375.0,26060.0,2744.0,3744.0
52,28,bdc,28,198667.0,175207.0,222565.0,47358.0,7771.0,5096.0
52,34,bdc,28,277721.0,269281.0,316333.0,47052.0,11242.0,7514.0
52,42,bdc,14,369496.5,354194.0,405177.0,50983.0,24389.0,11466.0
52,48,bdc,28,591353.0,566568.0,622573.0,56005.0,12217.5,14976.0
52,100,bdc,14,958507.5,891045.0,986459.0,95414.0,110592.0,33800.0
52,106,bdc,14,1037677.0,970425.0,1125014.0,154589.0,32768.0,35828.0
54,16,bdc,42,128463.0,87107.0,142719.0,55612.0,4096.0,1728.0
54,28,bdc,14,184740.5,174324.0,216152.0,41828.0,10648.0,5292.0
54,30,bdc,14,222124.0,204727.0,276835.0,72108.0,8000.0,6075.0
54,32,bdc,42,254229.0,237259.0,268647.0,31388.0,10648.0,6912.0
54,34,bdc,14,291372.5,253758.0,303218.0,49460.0,27000.0,7803.0
54,36,bdc,28,294287.0,277671.0,325097.0,47426.0,14112.0,8748.0
54,38,bdc,28,360462.0,336283.0,384773.0,48490.0,12788.0,9747.0
54,40,bdc,14,363557.5,326875.0,382675.0,55800.0,6859.0,10800.0
54,46,bdc,28,515582.0,473940.0,567367.0,93427.0,12788.0,14283.0
54,58,bdc,14,691302.0,647748.0,741711.0,93963.0,29791.0,21141.0
54,62,bdc,14,770526.5,706032.0,862638.0,156606.0,24389.0,22599.0
54,80,bdc,14,942401.0,928295.0,1039182.0,110887.0,68921.0,29160.0
54,94,bdc,14,955119.0,834438.0,1023884.0,189446.0,85184.0,34263.0
56,32,bdc,42,267550.5,246146.0,279862.0,33716.0,10648.0,7168.0
56,34,bdc,14,287534.5,251774.0,296840.0,45066.0,21952.0,8092.0
56,42,bdc,28,407669.0,386645.0,452844.0,66199.0,13418.5,12348.0
56,46,bdc,14,485107.0,453353.0,515763.0,62410.0,42875.0,14812.0
56,48,bdc,14,607876.5,539336.0,635450.0,96114.0,27000.0,16128.0
56,54,bdc,42,781851.0,722143.0,900964.0,178821.0,12167.0,20412.0
56,62,bdc,14,712862.5,689922.0,749814.0,59892.0,50653.0,24304.0
56,96,bdc,14,967943.0,908549.0,1059585.0,151036.0,74088.0,37632.0
58,32,bdc,56,285525.5,263631.0,324999.0,61368.0,14724.5,7424.0
58,34,bdc,14,267827.5,255366.0,284764.0,29398.0,19683.0,8381.0
58,36,bdc,14,294352.0,278557.0,333559.0,55002.0,15625.0,9396.0
58,38,bdc,14,333299.0,317359.0,379241.0,61882.0,19683.0,10469.0
58,40,bdc,28,402992.5,375972.0,432418.0,56446.0,17654.0,11600.0
58,42,bdc,42,383771.5,365303.0,411882.0,46579.0,24389.0,12789.0
58,44,bdc,28,476163.5,450716.0,496404.0,45688.0,19106.5,14036.0
58,46,bdc,14,456091.5,431495.0,498006.0,66511.0,32768.0,15341.0
58,50,bdc,14,641281.5,602645.0,681204.0,78559.0,27000.0,18125.0
58,56,bdc,14,797776.0,761072.0,841966.0,80894.0,103823.0,22736.0
58,64,bdc,28,910347.0,851996.0,972429.0,120433.0,44194.5,26912.0
58,76,bdc,14,1006603.5,970962.0,1084753.0,113791.0,24389.0,31958.0
58,84,bdc,14,999483.0,895006.0,1034172.0,139166.0,79507.0,35322.0
58,92,bdc,14,1021343.0,928307.0,1127782.0,199475.0,91125.0,38686.0
58,100,bdc,14,1214656.5,1113634.0,1289416.0,175782.0,91125.0,42050.0
60,30,bdc,14,288233.5,274844.0,351076.0,76232.0,4913.0,6750.0
60,32,bdc,42,281094.0,258598.0,317640.0,59042.0,12167.0,7680.0
60,34,bdc,14,319917.5,304979.0,331581.0,26602.0,21952.0,8670.0
60,40,bdc,14,372622.0,354521.0,399702.0,45181.0,15625.0,12000.0
60,44,bdc,14,480084.0,458379.0,532453.0,74074.0,19683.0,14520.0
60,50,bdc,14,636907.0,584471.0,699005.0,114534.0,29791.0,18750.0
60,64,bdc,14,921972.5,825793.0,988335.0,162542.0,39304.0,28800.0
60,84,bdc,28,1094166.5,1028264.0,1197315.0,169051.0,44194.5,37800.0
62,16,bdc,14,287353.5,280221.0,373471.0,93250.0,4096.0,1984.0
62,32,bdc,28,302234.5,271159.0,321795.0,50636.0,23296.0,7936.0
62,38,bdc,14,369102.0,346059.0,383188.0,37129.0,10648.0,11191.0
62,44,bdc,56,486672.0,453432.0,522449.0,69017.0,22036.0,15004.0
62,58,bdc,56,844920.5,792567.0,894779.0,102212.0,32864.0,26071.0
62,62,bdc,14,897904.0,805122.0,952532.0,147410.0,50653.0,29791.0
62,96,bdc,14,1228105.5,1073101.0,1290002.0,216901.0,103823.0,46128.0
64,8,bdc,154,38347.5,35471.0,41471.0,6000.0,4096.0,512.0
64,16,bdc,2702,204578.0,164587.0,267027.0,102440.0,4096.0,2048.0
64,18,bdc,70,283670.5,269378.0,309594.0,40216.0,5832.0,2592.0
64,22,bdc,28,215493.0,201523.0,238196.0,36673.0,10648.0,3872.0
64,32,bdc,308,333930.0,295289.0,376596.0,81307.0,4913.0,8192.0
64,34,bdc,112,395999.5,376648.0,425183.0,48535.0,5832.0,9248.0
64,36,bdc,56,433920.5,415330.0,477493.0,62163.0,32768.0,10368.0
64,40,bdc,14,475780.5,448889.0,550749.0,101860.0,10648.0,12800.0
64,42,bdc,42,418009.5,399480.0,450526.0,51046.0,19683.0,14112.0
64,44,bdc,14,554707.0,520572.0,608783.0,88211.0,4913.0,15488.0
64,46,bdc,56,492918.5,459528.0,548843.0,89315.0,28944.5,16928.0
64,60,bdc,28,972159.5,907321.0,1037284.0,129963.0,62168.0,28800.0
64,62,bdc,14,992270.5,959525.0,1039822.0,80297.0,9261.0,30752.0
64,64,bdc,56,1252418.0,1148471.0,1344971.0,196500.0,149040.5,32768.0
64,68,bdc,14,1098728.0,1005693.0,1264396.0,258703.0,35937.0,34816.0
64,70,bdc,42,1182272.0,1106583.0,1288774.0,182191.0,46656.0,35840.0
64,72,bdc,56,1162240.0,1053650.0,1240186.0,186536.0,42980.0,36864.0
64,74,bdc,56,1137402.0,1036235.0,1262036.0,225801.0,48654.5,37888.0
64,76,bdc,14,1186681.5,1137191.0,1300107.0,162916.0,46656.0,38912.0
64,78,bdc,28,1086400.5,1033587.0,1181036.0,147449.0,28395.5,39936.0
64,80,bdc,84,1267471.0,1146763.0,1388661.0,241898.0,54872.0,40960.0
64,82,bdc,14,1218474.0,1122939.0,1306677.0,183738.0,68921.0,41984.0
64,84,bdc,42,1256938.5,1121124.0,1338456.0,217332.0,68921.0,43008.0
64,86,bdc,28,1285518.5,1111934.0,1368600.0,256666.0,64480.0,44032.0
64,90,bdc,14,1136374.5,1074126.0,1252661.0,178535.0,79507.0,46080.0
64,96,bdc,14,1222557.5,1105850.0,1302522.0,196672.0,103823.0,49152.0
64,108,bdc,14,1751629.5,1647660.0,1866391.0,218731.0,103823.0,55296.0
64,110,bdc,14,1335771.0,1248707.0,1485596.0,236889.0,42875.0,56320.0
64,128,bdc,1666,1866140.5,1712472.0,2032417.0,319945.0,262144.0,65536.0
66,32,bdc,98,357069.0,323410.0,392685.0,69275.0,32768.0,8448.0
66,34,bdc,14,382241.5,346614.0,416125.0,69511.0,8000.0,9537.0
66,38,bdc,14,406672.5,374117.0,445623.0,71506.0,9261.0,11913.0
66,40,bdc,28,431701.0,416156.0,472079.0,55923.0,23341.5,13200.0
66,44,bdc,14,426178.5,413858.0,464482.0,50624.0,24389.0,15972.0
66,46,bdc,14,551298.5,504574.0,603539.0,98965.0,39304.0,17457.0
66,50,bdc,14,717228.0,640732.0,793245.0,152513.0,29791.0,20625.0
66,60,bdc,14,963019.5,887258.0,1043609.0,156351.0,32768.0,29700.0
66,64,bdc,56,1156565.5,1065216.0,1325366.0,260150.0,35937.0,33792.0
66,66,bdc,70,1211797.0,1102771.0,1290147.0,187376.0,39304.0,35937.0
66,68,bdc,14,1270015.5,1189032.0,1318802.0,129770.0,50653.0,37026.0
66,72,bdc,14,1089750.0,1050482.0,1280869.0,230387.0,46656.0,39204.0
66,84,bdc,14,1302927.0,1224881.0,1397150.0,172269.0,85184.0,45738.0
66,86,bdc,14,1219782.0,1093117.0,1310423.0,217306.0,110592.0,46827.0
66,128,bdc,28,2019919.0,1893692.0,2235477.0,341785.0,262144.0,69696.0
68,50,bdc,14,662281.0,608944.0,818946.0,210002.0,46656.0,21250.0
68,60,bdc,14,934743.5,855810.0,1045466.0,189656.0,35937.0,30600.0
68,64,bdc,56,1143073.0,1084242.0,1211505.0,127263.0,34352.5,34816.0
68,66,bdc,14,1242094.0,1140303.0,1298800.0,158497.0,39304.0,37026.0
68,68,bdc,14,1282784.0,1165625.0,1389219.0,223594.0,39304.0,39304.0
68,72,bdc,14,1291621.5,1146406.0,1336242.0,189836.0,42875.0,41616.0
68,74,bdc,14,1216463.5,1090067.0,1269566.0,179499.0,74088.0,42772.0
68,80,bdc,14,1270097.0,1118467.0,1367593.0,249126.0,59319.0,46240.0
68,88,bdc,14,1302179.0,1180265.0,1372645.0,192380.0,91125.0,50864.0
68,128,bdc,28,1968447.0,1778676.0,2141801.0,363125.0,39406.0,73984.0
70,34,bdc,14,410892.5,354113.0,427134.0,73021.0,6859.0,10115.0
70,44,bdc,14,522632.0,488475.0,556849.0,68374.0,35937.0,16940.0
70,54,bdc,28,870299.5,830329.0,934998.0,104669.0,29493.5,25515.0
70,64,bdc,14,1186625.0,1022280.0,1198613.0,176333.0,42875.0,35840.0
70,66,bdc,42,1281882.5,1114731.0,1382250.0,267519.0,35937.0,38115.0
70,68,bdc,28,1270213.5,1164462.0,1366753.0,202291.0,41296.5,40460.0
70,70,bdc,56,1348274.0,1251720.0,1414204.0,162484.0,44765.5,42875.0
70,72,bdc,14,1463260.5,1261952.0,1516472.0,254520.0,46656.0,44100.0
70,74,bdc,28,1401371.5,1354209.0,1513441.0,159232.0,50764.0,45325.0
70,76,bdc,14,1433542.5,1414628.0,1548225.0,133597.0,59319.0,46550.0
70,106,bdc,14,1565164.0,1476245.0,1644222.0,167977.0,46656.0,64925.0
70,116,bdc,14,1766920.0,1547624.0,1881683.0,334059.0,54872.0,71050.0
70,128,bdc,14,1847846.5,1742706.0,2072056.0,329350.0,39304.0,78400.0
72,32,bdc,56,287738.5,274595.0,326396.0,51801.0,19683.0,9216.0
72,38,bdc,14,513276.5,463688.0,538806.0,75118.0,10648.0,12996.0
72,40,bdc,42,530685.5,480621.0,563778.0,83157.0,8000.0,14400.0
72,46,bdc,14,512316.0,480502.0,600656.0,120154.0,24389.0,19044.0
72,58,bdc,14,817251.0,786893.0,949346.0,162453.0,59319.0,30276.0
72,64,bdc,14,1121587.5,1092297.0,1308373.0,216076.0,32768.0,36864.0
72,68,bdc,28,1318929.5,1166598.0,1367375.0,200777.0,44765.5,41616.0
72,70,bdc,42,1424852.5,1290282.0,1465288.0,175006.0,42875.0,44100.0
72,72,bdc,28,1464708.5,1370663.0,1678140.0,307477.0,52762.5,46656.0
72,74,bdc,14,1453167.0,1274535.0,1641148.0,366613.0,46656.0,47952.0
72,78,bdc,42,1404892.0,1289898.0,1547148.0,257250.0,59319.0,50544.0
72,80,bdc,14,1397798.5,1279695.0,1510064.0,230369.0,103823.0,51840.0
72,82,bdc,14,1487302.5,1408911.0,1543361.0,134450.0,64000.0,53136.0
72,92,bdc,14,1507327.5,1433446.0,1771646.0,338200.0,27000.0,59616.0
72,128,bdc,14,2130033.5,2043415.0,2266575.0,223160.0,39304.0,82944.0
74,32,bdc,14,369262.0,337139.0,382993.0,45854.0,32768.0,9472.0
74,38,bdc,14,484068.0,441907.0,519462.0,77555.0,8000.0,13357.0
74,48,bdc,14,635852.0,627977.0,731688.0,103711.0,12167.0,21312.0
74,58,bdc,56,900043.5,850780.0,1037908.0,187128.0,55328.0,31117.0
74,68,bdc,14,1433161.0,1258179.0,1527060.0,268881.0,42875.0,42772.0
74,70,bdc,28,1400353.5,1289059.0,1489349.0,200290.0,42875.0,45325.0
74,72,bdc,14,1458194.0,1291244.0,1553332.0,262088.0,42875.0,47952.0
74,78,bdc,14,1453193.5,1352518.0,1595760.0,243242.0,64000.0,53391.0
74,86,bdc,28,1665958.5,1626875.0,1812360.0,185485.0,71753.5,58867.0
74,92,bdc,14,1506633.5,1448966.0,1647393.0,198427.0,68921.0,62974.0
74,94,bdc,14,1596778.0,1424193.0,1670837.0,246644.0,110592.0,64343.0
74,106,bdc,14,1628779.0,1572978.0,1705581.0,132603.0,110592.0,72557.0
74,128,bdc,14,2161000.0,1972609.0,2349549.0,376940.0,59319.0,87616.0
76,32,bdc,14,360320.5,346625.0,417264.0,70639.0,32768.0,9728.0
76,40,bdc,14,401209.5,366540.0,439338.0,72798.0,32768.0,15200.0
76,42,bdc,14,523352.5,496164.0,577893.0,81729.0,13824.0,16758.0
76,44,bdc,14,639951.0,566883.0,690317.0,123434.0,8000.0,18392.0
76,46,bdc,28,568092.0,542889.0,644435.0,101546.0,27090.0,20102.0
76,64,bdc,14,1183450.5,1089755.0,1248711.0,158956.0,35937.0,38912.0
76,68,bdc,14,1262788.0,1175479.0,1398471.0,222992.0,42875.0,43928.0
76,74,bdc,14,1556727.5,1359235.0,1659302.0,300067.0,50653.0,52022.0
76,76,bdc,14,1683874.5,1469737.0,1788416.0,318679.0,54872.0,54872.0
76,78,bdc,14,1625791.0,1559951.0,1698312.0,138361.0,68921.0,56316.0
76,80,bdc,14,1421412.5,1379626.0,1636837.0,257211.0,50653.0,57760.0
76,84,bdc,14,1587337.5,1482272.0,1786283.0,304011.0,74088.0,60648.0
76,88,bdc,14,1758309.5,1567318.0,1899814.0,332496.0,74088.0,63536.0
76,106,bdc,14,1972692.0,1809505.0,2149600.0,340095.0,42875.0,76532.0
78,32,bdc,14,338925.0,314030.0,353394.0,39364.0,32768.0,9984.0
78,46,bdc,14,613172.0,582114.0,693539.0,111425.0,17576.0,20631.0
78,52,bdc,14,791436.5,767712.0,904473.0,136761.0,17576.0,26364.0
78,54,bdc,14,820805.5,774489.0,904385.0,129896.0,74088.0,28431.0
78,58,bdc,14,887041.0,873278.0,1003389.0,130111.0,68921.0,32799.0
78,62,bdc,14,1080950.0,1003591.0,1183867.0,180276.0,35937.0,37479.0
78,74,bdc,28,1529815.0,1435857.0,1631770.0,195913.0,50653.0,53391.0
78,82,bdc,14,1759909.0,1557931.0,2039074.0,481143.0,85184.0,62361.0
78,88,bdc,14,1636530.0,1511313.0,1742183.0,230870.0,85184.0,66924.0
78,128,bdc,28,2396388.0,2240411.0,2536095.0,295684.0,48654.5,97344.0
80,32,bdc,14,395058.5,371738.0,431494.0,59756.0,32768.0,10240.0
80,42,bdc,28,503698.0,458764.0,550912.0,92148.0,28578.5,17640.0
80,44,bdc,28,538596.0,514612.0,581191.0,66579.0,31846.5,19360.0
80,66,bdc,14,1179197.0,1136129.0,1372107.0,235978.0,46656.0,43560.0
80,72,bdc,14,1471939.0,1418344.0,1545757.0,127413.0,54872.0,51840.0
80,76,bdc,14,1702477.5,1573427.0,1824935.0,251508.0,59319.0,57760.0
80,78,bdc,28,1737937.0,1656759.0,1803491.0,146732.0,57095.5,60840.0
80,82,bdc,28,1883524.5,1833842.0,1924021.0,90179.0,76797.5,65600.0
80,84,bdc,14,1778611.5,1708591.0,1946127.0,237536.0,79507.0,67200.0
80,86,bdc,42,1836959.0,1644348.0,1968844.0,324496.0,79507.0,68800.0
80,88,bdc,28,1815058.0,1739124.0,1957027.0,217903.0,88154.5,70400.0
80,90,bdc,14,1813279.0,1635315.0,1884592.0,249277.0,97336.0,72000.0
80,128,bdc,14,2217805.0,2039403.0,2370128.0,330725.0,262144.0,102400.0
82,32,bdc,14,378012.0,345473.0,399936.0,54463.0,32768.0,10496.0
82,52,bdc,14,914744.0,851642.0,961367.0,109725.0,27000.0,27716.0
82,58,bdc,28,992099.5,935976.0,1158565.0,222589.0,51939.5,34481.0
82,60,bdc,14,1025858.0,984978.0,1105753.0,120775.0,32768.0,36900.0
82,76,bdc,14,1423827.0,1391223.0,1660748.0,269525.0,50653.0,59204.0
82,80,bdc,14,1940994.5,1706890.0,1950769.0,243879.0,64000.0,65600.0
82,84,bdc,14,1723696.5,1656981.0,1969701.0,312720.0,68921.0,70602.0
84,32,bdc,14,422402.0,393278.0,467588.0,74310.0,32768.0,10752.0
84,42,bdc,14,503150.0,470531.0,563648.0,93117.0,46656.0,18522.0
84,50,bdc,14,686763.0,665186.0,780079.0,114893.0,59319.0,26250.0
84,64,bdc,28,1144246.5,1103030.0,1257507.0,154477.0,70028.0,43008.0
84,72,bdc,14,1366942.5,1325941.0,1552175.0,226234.0,54872.0,54432.0
84,74,bdc,14,1583087.0,1492350.0,1672766.0,180416.0,59319.0,57498.0
84,76,bdc,14,1705915.5,1578298.0,1985782.0,407484.0,64000.0,60648.0
84,78,bdc,28,1581329.0,1530919.0,1783895.0,252976.0,64120.0,63882.0
84,80,bdc,14,1901742.5,1768363.0,2014596.0,246233.0,74088.0,67200.0
84,88,bdc,14,2131124.5,1987416.0,2352180.0,364764.0,79507.0,77616.0
84,90,bdc,14,1973416.0,1796697.0,2086694.0,289997.0,110592.0,79380.0
84,128,bdc,14,2623089.5,2447959.0,2671176.0,223217.0,262144.0,112896.0
86,32,bdc,14,416445.0,358820.0,476555.0,117735.0,15625.0,11008.0
86,72,bdc,28,1509867.5,1388011.0,1700785.0,312774.0,50764.0,55728.0
86,80,bdc,28,1795633.5,1672314.0,1988028.0,315714.0,64000.0,68800.0
86,82,bdc,14,1925472.5,1881458.0,1979921.0,98463.0,64000.0,72283.0
86,108,bdc,14,2241021.5,2088242.0,2402672.0,314430.0,148877.0,99846.0
86,128,bdc,14,2783755.5,2457135.0,2901607.0,444472.0,262144.0,118336.0
88,32,bdc,56,401259.5,369955.0,434851.0,64896.0,32768.0,11264.0
88,64,bdc,14,1177265.5,1140920.0,1243952.0,103032.0,59319.0,45056.0
88,78,bdc,14,1723124.5,1565268.0,1848445.0,283177.0,64000.0,66924.0
88,80,bdc,14,1905303.5,1658931.0,2096776.0,437845.0,64000.0,70400.0
88,84,bdc,14,2041325.5,1883568.0,2256697.0,373129.0,85184.0,77616.0
88,88,bdc,14,2273405.5,2088044.0,2541177.0,453133.0,85184.0,85184.0
88,96,bdc,14,2360684.5,2179506.0,2455435.0,275929.0,132651.0,92928.0
88,102,bdc,14,2363850.0,2177555.0,2520487.0,342932.0,226981.0,98736.0
88,128,bdc,14,2622843.5,2502313.0,2803044.0,300731.0,262144.0,123904.0
90,32,bdc,14,358885.5,342400.0,397600.0,55200.0,32768.0,11520.0
90,56,bdc,14,1081384.5,967436.0,1183381.0,215945.0,97336.0,35280.0
90,64,bdc,14,1215102.0,1131280.0,1314797.0,183517.0,85184.0,46080.0
90,66,bdc,14,1375307.0,1276318.0,1440239.0,163921.0,125000.0,49005.0
90,76,bdc,14,1716525.5,1591212.0,1854083.0,262871.0,64000.0,64980.0
90,122,bdc,14,2815489.0,2624707.0,3021067.0,396360.0,157464.0,123525.0
92,34,bdc,28,389886.5,373350.0,438331.0,64981.0,21952.0,13294.0
92,42,bdc,14,566292.5,528298.0,589109.0,60811.0,35937.0,20286.0
92,78,bdc,14,1766385.5,1613562.0,1838862.0,225300.0,74088.0,69966.0
92,80,bdc,14,1790092.5,1705098.0,2097222.0,392124.0,74088.0,73600.0
94,34,bdc,14,393776.5,371978.0,407832.0,35854.0,27000.0,13583.0
94,50,bdc,14,920141.0,885791.0,999507.0,113716.0,27000.0,29375.0
94,64,bdc,28,1328041.0,1233151.0,1471843.0,238692.0,144572.0,48128.0
94,72,bdc,14,1677835.5,1465429.0,1826326.0,360897.0,42875.0,60912.0
94,104,bdc,14,2680505.5,2462793.0,2859131.0,396338.0,148877.0,114868.0
94,128,bdc,14,2984041.5,2713353.0,3236434.0,523081.0,262144.0,141376.0
96,60,bdc,14,1278613.5,1173262.0,1368007.0,194745.0,27000.0,43200.0
96,64,bdc,14,1285744.0,1203397.0,1361875.0,158478.0,68921.0,49152.0
96,66,bdc,14,1410812.0,1253815.0,1451919.0,198104.0,64000.0,52272.0
96,88,bdc,14,2323507.5,2011305.0,2393907.0,382602.0,117649.0,92928.0
96,114,bdc,14,2935306.0,2674338.0,3053775.0,379437.0,140608.0,131328.0
96,128,bdc,28,3302362.0,3092324.0,3541579.0,449255.0,262144.0,147456.0
98,64,bdc,14,1420186.0,1170035.0,1437772.0,267737.0,91125.0,50176.0
98,82,bdc,14,2020433.0,1904010.0,2188995.0,284985.0,85184.0,82369.0
100,60,bdc,28,1260732.0,1153858.0,1401167.0,247309.0,31279.5,45000.0
100,64,bdc,14,1463379.5,1362816.0,1571323.0,208507.0,74088.0,51200.0
100,96,bdc,14,2727583.5,2486390.0,3010325.0,523935.0,117649.0,115200.0
102,84,bdc,14,2387728.5,2254971.0,2450512.0,195541.0,110592.0,89964.0
102,98,bdc,14,2871479.0,2574391.0,3065681.0,491290.0,148877.0,122451.0
104,64,bdc,14,1343226.0,1268117.0,1445459.0,177342.0,85184.0,53248.0
104,116,bdc,14,3086141.0,2809175.0,3484761.0,675586.0,148877.0,156832.0
106,88,bdc,14,2320074.0,2104492.0,2420565.0,316073.0,97336.0,102608.0
106,90,bdc,14,2620688.5,2204968.0,2697089.0,492121.0,140608.0,107325.0
106,98,bdc,14,2780601.0,2555437.0,2994250.0,438813.0,148877.0,127253.0
106,106,bdc,14,3055488.0,2840256.0,3294384.0,454128.0,166375.0,148877.0
106,112,bdc,14,3520396.5,3348482.0,3670368.0,321886.0,157464.0,157304.0
106,116,bdc,14,3377567.5,3303792.0,3546277.0,242485.0,185193.0,162922.0
108,80,bdc,14,2185046.5,2057677.0,2327709.0,270032.0,46656.0,86400.0
108,102,bdc,14,3144349.0,2920992.0,3275248.0,354256.0,125000.0,140454.0
108,124,bdc,14,3737600.0,3420811.0,3866204.0,445393.0,195112.0,180792.0
110,54,bdc,14,1016280.5,929296.0,1162993.0,233697.0,54872.0,40095.0
110,58,bdc,14,1114746.5,1064144.0,1173609.0,109465.0,59319.0,46255.0
110,64,bdc,14,1516967.5,1431461.0,1562622.0,131161.0,85184.0,56320.0
110,108,bdc,14,3483620.5,3154723.0,3720055.0,565332.0,195112.0,160380.0
112,62,bdc,14,1514934.0,1303864.0,1621611.0,317747.0,64000.0,53816.0
112,100,bdc,14,3323596.5,3055723.0,3501289.0,445566.0,132651.0,140000.0
114,34,bdc,14,511514.0,487454.0,536581.0,49127.0,32768.0,16473.0
114,64,bdc,14,1616107.5,1578804.0,1890523.0,311719.0,32768.0,58368.0
114,118,bdc,14,3715265.5,3390389.0,4293549.0,903160.0,195112.0,191691.0
116,88,bdc,14,2763041.0,2344424.0,2862722.0,518298.0,125000.0,112288.0
116,100,bdc,14,3103472.5,2954321.0,3301103.0,346782.0,148877.0,145000.0
116,116,bdc,14,4328415.0,4071465.0,4608007.0,536542.0,175616.0,195112.0
116,122,bdc,14,4008677.0,3709044.0,4376447.0,667403.0,205379.0,205204.0
118,110,bdc,14,3734653.0,3352654.0,3942799.0,590145.0,195112.0,178475.0
122,88,bdc,14,2822860.0,2487098.0,2903709.0,416611.0,166375.0,118096.0
122,106,bdc,14,3624213.0,3301240.0,3817675.0,516435.0,238328.0,171349.0
124,104,bdc,14,3567424.5,3145388.0,3757014.0,611626.0,226981.0,167648.0
128,16,bdc,126,229711.5,213056.0,248139.0,35083.0,32768.0,4096.0
128,32,bdc,2142,515730.0,474108.0,566901.0,92793.0,32768.0,16384.0
128,34,bdc,98,579913.5,538523.0,628007.0,89484.0,32768.0,18496.0
128,64,bdc,2310,1814249.5,1663665.0,1993157.0,329492.0,262144.0,65536.0
128,66,bdc,56,2057962.0,1896648.0,2132830.0,236182.0,262144.0,69696.0
128,86,bdc,14,2839257.0,2662577.0,3074185.0,411608.0,103823.0,118336.0
128,94,bdc,28,3341001.5,3246831.0,3604751.0,357920.0,117796.0,141376.0
128,96,bdc,14,3394248.0,3027290.0,3862726.0,835436.0,125000.0,147456.0
128,100,bdc,28,3662499.5,3370597.0,4130232.0,759635.0,139719.5,160000.0
128,112,bdc,14,4397613.0,3999239.0,4814496.0,815257.0,157464.0,200704.0
128,128,bdc,12796,5922805.0,5479627.0,6391476.0,911849.0,262144.0,262144.0
