subset,N,cubic_rho,svd_rho,improvement,cubic_p,svd_p
Overall,108417,0.9510930601684242,0.9814915031811899,0.03039844301276573,0.0,0.0
Solver=bdc,64240,0.9192672313533523,0.9765216017114909,0.05725437035813863,0.0,0.0
Solver=jacobi,44177,0.8008736430810318,0.8701525211443107,0.06927887806327893,0.0,0.0
Family=QAOA,25200,0.9679503978074109,0.9818435804535054,0.013893182646094515,0.0,0.0
Family=QFT,22946,0.822306330101526,0.9046196077180553,0.08231327761652929,0.0,0.0
Family=VQE_RealAmp,4494,0.8833282564391605,0.9714318505376207,0.08810359409846025,0.0,0.0
Family=VQE_TwoLocal,55777,0.9268752182025933,0.9872667131719444,0.060391494969351034,0.0,0.0
Qubits=10,15942,0.9104585978853597,0.944952525707436,0.03449392782207639,0.0,0.0
Qubits=20,92475,0.9508542490847988,0.9837912745404841,0.03293702545568533,0.0,0.0
"Family=QAOA,Qubits=10",3346,0.950729000519586,0.9690492034092518,0.01832020288966585,0.0,0.0
"Family=QAOA,Qubits=20",21854,0.9596606289228824,0.9788633714269148,0.019202742504032422,0.0,0.0
"Family=QFT,Qubits=10",3860,0.5243560375344892,0.7188029837395634,0.1944469462050742,1.0951131987899242e-271,0.0
"Family=QFT,Qubits=20",19086,0.833466689937814,0.9118587599800168,0.07839207004220272,0.0,0.0
"Family=VQE_RealAmp,Qubits=10",1022,0.7979419368706043,0.9318236987722117,0.1338817619016074,1.6740276739103126e-226,0.0
"Family=VQE_RealAmp,Qubits=20",3472,0.8782297861460918,0.975495223655763,0.0972654375096712,0.0,0.0
"Family=VQE_TwoLocal,Qubits=10",7714,0.9328016460466644,0.966673302938064,0.03387165689139959,0.0,0.0
"Family=VQE_TwoLocal,Qubits=20",48063,0.9226434225013509,0.9885555106348359,0.06591208813348504,0.0,0.0
