Circuit,Qubits,Layers,2Q Gates,Original Cost,Optimized Cost,Improvement
QFT,10,37,105,253,203,19.80%
QFT,20,77,410,1148,987,14.00%
QAOA,10,46,104,277,237,14.40%
QAOA,20,90,368,1300,1159,10.80%
VQE RealAmp,10,13,27,27,27,0.00%
VQE RealAmp,20,23,57,57,57,0.00%
VQE TwoLocal,10,37,135,399,380,4.80%
VQE TwoLocal,20,77,570,1799,1795,0.20%
benchmarks/qft_10.qasm,10,37,253,203,1,1,19.7628
benchmarks/qft_10.qasm,10,37,253,203,1,1,19.7628
benchmarks/qft_10.qasm,10,37,253,203,1,1,19.7628
benchmarks/qaoa_10.qasm,10,46,277,237,1,1,14.4404
benchmarks/qaoa_10.qasm,10,46,277,237,1,1,14.4404
benchmarks/vqe/vqe_real_amp_10.qasm,10,13,27,27,1,1,0
benchmarks/vqe/vqe_real_amp_10.qasm,10,13,27,27,1,1,0
benchmarks/qft_10.qasm,10,37,253,203,1,1,19.7628
benchmarks/qft_10.qasm,10,37,253,203,1,1,19.7628
benchmarks/qaoa_10.qasm,10,46,277,237,1,1,14.4404
benchmarks/qaoa_10.qasm,10,46,277,237,1,1,14.4404
benchmarks/vqe/vqe_real_amp_10.qasm,10,13,27,27,1,1,0
benchmarks/vqe/vqe_real_amp_10.qasm,10,13,27,27,1,1,0
/home/steffi/thesis-mps-routing/benchmarks/qft_10.qasm,10,37,253,203,1,1,19.7628
/home/steffi/thesis-mps-routing/benchmarks/qft_10.qasm,10,37,253,203,1,1,19.7628
/home/steffi/thesis-mps-routing/benchmarks/qft_10.qasm,10,37,253,203,1,1,19.7628
benchmarks/qft_10.qasm,10,37,253,203,1,1,19.7628
benchmarks/qft_10.qasm,10,37,253,203,1,1,19.7628
benchmarks/qaoa_10.qasm,10,46,277,237,1,1,14.4404
benchmarks/qaoa_10.qasm,10,46,277,237,1,1,14.4404
benchmarks/vqe/vqe_real_amp_10.qasm,10,13,27,27,1,1,0
benchmarks/vqe/vqe_real_amp_10.qasm,10,13,27,27,1,1,0
benchmarks/qft_10.qasm,10,37,253,203,1,1,19.7628
benchmarks/qft_10.qasm,10,37,253,203,1,1,19.7628
benchmarks/qaoa_10.qasm,10,46,277,237,1,1,14.4404
benchmarks/qaoa_10.qasm,10,46,277,237,1,1,14.4404
benchmarks/vqe/vqe_real_amp_10.qasm,10,13,27,27,1,1,0
benchmarks/vqe/vqe_real_amp_10.qasm,10,13,27,27,1,1,0
benchmarks/qft_10.qasm,10,37,253,203,1,1,19.7628
benchmarks/qft_10.qasm,10,37,253,203,1,1,19.7628
benchmarks/qft_20.qasm,20,77,1148,987,1,1,14.0244
benchmarks/qft_20.qasm,20,77,1148,987,1,1,14.0244
benchmarks/qaoa_10.qasm,10,46,277,237,1,1,14.4404
benchmarks/qaoa_10.qasm,10,46,277,237,1,1,14.4404
benchmarks/qaoa_20.qasm,20,90,1300,1159,1,1,10.8462
benchmarks/qaoa_20.qasm,20,90,1300,1159,1,1,10.8462
benchmarks/vqe/vqe_real_amp_10.qasm,10,13,27,27,1,1,0
benchmarks/vqe/vqe_real_amp_10.qasm,10,13,27,27,1,1,0
benchmarks/vqe/vqe_real_amp_20.qasm,20,23,57,57,1,1,0
benchmarks/vqe/vqe_real_amp_20.qasm,20,23,57,57,1,1,0
benchmarks/vqe/vqe_two_local_10.qasm,10,37,399,380,1,1,4.7619
benchmarks/vqe/vqe_two_local_10.qasm,10,37,399,380,1,1,4.7619
benchmarks/vqe/vqe_two_local_20.qasm,20,77,1799,1795,1,1,0.222346
benchmarks/vqe/vqe_two_local_20.qasm,20,77,1799,1795,1,1,0.222346
benchmarks/random_10.qasm,10,20,309,304,1,1,1.61812
benchmarks/random_10.qasm,10,20,309,304,1,1,1.61812
benchmarks/random_10.qasm,10,20,309,304,1,1,1.61812
benchmarks/random_10.qasm,10,20,309,304,1,1,1.61812
benchmarks/random_20.qasm,20,20,1154,1125,1,1,2.513
benchmarks/random_20.qasm,20,20,1154,1125,1,1,2.513
