circuit,qubits,layers,two_qubit_gates,cost_model,bond_dim,strategy,communities,predicted_cost,peak_bond_dim,mapping_time_ms
qaoa_10.qasm,10,46,104,cubic,64,BuildChain,1,237.0000,1.0000,0.2092
qaoa_10.qasm,10,46,104,cubic,64,CommunityMapping,2,288.0000,1.0000,0.0250
qaoa_10.qasm,10,46,104,cubic,64,TemporalComm_a1,2,257.0000,1.0000,0.0273
qaoa_10.qasm,10,46,104,cubic,64,TemporalComm_a2,2,257.0000,1.0000,0.0113
qaoa_10.qasm,10,46,104,cubic,64,TemporalComm_a4,2,257.0000,1.0000,0.0103
qaoa_10.qasm,10,46,104,cubic,64,BondAwarePlacement,1,269.0000,1.0000,2.9439
qaoa_10.qasm,10,46,104,cubic,64,LayerPriorityMapping,1,258.0000,1.0000,0.0748
qaoa_10.qasm,10,46,104,cubic,64,NewPairsFirstMapping,1,242.0000,1.0000,0.0960
qaoa_10.qasm,10,46,104,cubic,64,FreqSeededChain,1,286.0000,1.0000,0.0088
qaoa_10.qasm,10,46,104,cubic,64,WeightedMergeChain,1,253.0000,1.0000,0.0178
qaoa_10.qasm,10,46,104,cubic,64,LookaheadGroupW3,1,243.0000,1.0000,0.0126
qaoa_10.qasm,10,46,104,cubic,64,LookaheadGroupW5,1,282.0000,1.0000,0.0104
qaoa_10.qasm,10,46,104,cubic,64,RigidSeedLocalSearch,1,225.0000,1.0000,1.4152
qaoa_10.qasm,10,46,104,cubic,64,PeripheralPinning,1,253.0000,1.0000,0.0115
qaoa_20.qasm,20,90,368,cubic,64,BuildChain,1,1159.0000,1.0000,1.1767
qaoa_20.qasm,20,90,368,cubic,64,CommunityMapping,3,1372.0000,1.0000,0.0473
qaoa_20.qasm,20,90,368,cubic,64,TemporalComm_a1,3,1373.0000,1.0000,0.0409
qaoa_20.qasm,20,90,368,cubic,64,TemporalComm_a2,3,1278.0000,1.0000,0.0355
qaoa_20.qasm,20,90,368,cubic,64,TemporalComm_a4,3,1278.0000,1.0000,0.0323
qaoa_20.qasm,20,90,368,cubic,64,BondAwarePlacement,1,1114.0000,1.0000,13.7297
qaoa_20.qasm,20,90,368,cubic,64,LayerPriorityMapping,1,1303.0000,1.0000,0.8595
qaoa_20.qasm,20,90,368,cubic,64,NewPairsFirstMapping,1,1179.0000,1.0000,1.4248
qaoa_20.qasm,20,90,368,cubic,64,FreqSeededChain,1,1271.0000,1.0000,0.0239
qaoa_20.qasm,20,90,368,cubic,64,WeightedMergeChain,1,1383.0000,1.0000,0.0350
qaoa_20.qasm,20,90,368,cubic,64,LookaheadGroupW3,1,1316.0000,1.0000,0.0336
qaoa_20.qasm,20,90,368,cubic,64,LookaheadGroupW5,1,1254.0000,1.0000,0.0341
qaoa_20.qasm,20,90,368,cubic,64,RigidSeedLocalSearch,1,1080.0000,1.0000,7.6543
qaoa_20.qasm,20,90,368,cubic,64,PeripheralPinning,1,1383.0000,1.0000,0.0331
qaoa_30.qasm,30,14,90,cubic,64,BuildChain,1,294.0000,1.0000,0.4394
qaoa_30.qasm,30,14,90,cubic,64,CommunityMapping,5,298.0000,1.0000,0.0479
qaoa_30.qasm,30,14,90,cubic,64,TemporalComm_a1,6,301.0000,1.0000,0.0482
qaoa_30.qasm,30,14,90,cubic,64,TemporalComm_a2,6,287.0000,1.0000,0.0423
qaoa_30.qasm,30,14,90,cubic,64,TemporalComm_a4,8,283.0000,1.0000,0.0413
qaoa_30.qasm,30,14,90,cubic,64,BondAwarePlacement,1,377.0000,1.0000,17.2651
qaoa_30.qasm,30,14,90,cubic,64,LayerPriorityMapping,1,378.0000,1.0000,0.1719
qaoa_30.qasm,30,14,90,cubic,64,NewPairsFirstMapping,1,311.0000,1.0000,0.2780
qaoa_30.qasm,30,14,90,cubic,64,FreqSeededChain,1,357.0000,1.0000,0.0126
qaoa_30.qasm,30,14,90,cubic,64,WeightedMergeChain,1,249.0000,1.0000,0.0214
qaoa_30.qasm,30,14,90,cubic,64,LookaheadGroupW3,1,287.0000,1.0000,0.0233
qaoa_30.qasm,30,14,90,cubic,64,LookaheadGroupW5,1,309.0000,1.0000,0.0218
qaoa_30.qasm,30,14,90,cubic,64,RigidSeedLocalSearch,1,234.0000,1.0000,3.1767
qaoa_30.qasm,30,14,90,cubic,64,PeripheralPinning,1,326.0000,1.0000,0.0148
qaoa_40.qasm,40,14,120,cubic,64,BuildChain,1,456.0000,1.0000,0.3069
qaoa_40.qasm,40,14,120,cubic,64,CommunityMapping,6,509.0000,1.0000,0.0743
qaoa_40.qasm,40,14,120,cubic,64,TemporalComm_a1,5,414.0000,1.0000,0.0721
qaoa_40.qasm,40,14,120,cubic,64,TemporalComm_a2,5,414.0000,1.0000,0.0635
qaoa_40.qasm,40,14,120,cubic,64,TemporalComm_a4,8,386.0000,1.0000,0.0618
qaoa_40.qasm,40,14,120,cubic,64,BondAwarePlacement,1,542.0000,1.0000,26.9253
qaoa_40.qasm,40,14,120,cubic,64,LayerPriorityMapping,1,660.0000,1.0000,0.3855
qaoa_40.qasm,40,14,120,cubic,64,NewPairsFirstMapping,1,578.0000,1.0000,1.0880
qaoa_40.qasm,40,14,120,cubic,64,FreqSeededChain,1,582.0000,1.0000,0.0174
qaoa_40.qasm,40,14,120,cubic,64,WeightedMergeChain,1,437.0000,1.0000,0.0282
qaoa_40.qasm,40,14,120,cubic,64,LookaheadGroupW3,1,422.0000,1.0000,0.0387
qaoa_40.qasm,40,14,120,cubic,64,LookaheadGroupW5,1,422.0000,1.0000,0.0385
qaoa_40.qasm,40,14,120,cubic,64,RigidSeedLocalSearch,1,367.0000,1.0000,4.2943
qaoa_40.qasm,40,14,120,cubic,64,PeripheralPinning,1,467.0000,1.0000,0.0169
qft_10.qasm,10,37,105,cubic,64,BuildChain,1,203.0000,1.0000,0.1875
qft_10.qasm,10,37,105,cubic,64,CommunityMapping,5,275.0000,1.0000,0.0183
qft_10.qasm,10,37,105,cubic,64,TemporalComm_a1,2,259.0000,1.0000,0.0154
qft_10.qasm,10,37,105,cubic,64,TemporalComm_a2,1,269.0000,1.0000,0.0120
qft_10.qasm,10,37,105,cubic,64,TemporalComm_a4,1,269.0000,1.0000,0.0113
qft_10.qasm,10,37,105,cubic,64,BondAwarePlacement,1,207.0000,1.0000,2.6583
qft_10.qasm,10,37,105,cubic,64,LayerPriorityMapping,1,216.0000,1.0000,0.1911
qft_10.qasm,10,37,105,cubic,64,NewPairsFirstMapping,1,209.0000,1.0000,0.1733
qft_10.qasm,10,37,105,cubic,64,FreqSeededChain,1,209.0000,1.0000,0.0123
qft_10.qasm,10,37,105,cubic,64,WeightedMergeChain,1,269.0000,1.0000,0.0153
qft_10.qasm,10,37,105,cubic,64,LookaheadGroupW3,1,253.0000,1.0000,0.0126
qft_10.qasm,10,37,105,cubic,64,LookaheadGroupW5,1,271.0000,1.0000,0.0117
qft_10.qasm,10,37,105,cubic,64,RigidSeedLocalSearch,1,186.0000,1.0000,1.7556
qft_10.qasm,10,37,105,cubic,64,PeripheralPinning,1,269.0000,1.0000,0.0156
qft_20.qasm,20,77,410,cubic,64,BuildChain,1,987.0000,1.0000,1.2409
qft_20.qasm,20,77,410,cubic,64,CommunityMapping,10,1330.0000,1.0000,0.0466
qft_20.qasm,20,77,410,cubic,64,TemporalComm_a1,3,1302.0000,1.0000,0.0432
qft_20.qasm,20,77,410,cubic,64,TemporalComm_a2,1,1314.0000,1.0000,0.0377
qft_20.qasm,20,77,410,cubic,64,TemporalComm_a4,1,1314.0000,1.0000,0.0422
qft_20.qasm,20,77,410,cubic,64,BondAwarePlacement,1,973.0000,1.0000,13.4145
qft_20.qasm,20,77,410,cubic,64,LayerPriorityMapping,1,1171.0000,1.0000,0.8575
qft_20.qasm,20,77,410,cubic,64,NewPairsFirstMapping,1,985.0000,1.0000,1.6959
qft_20.qasm,20,77,410,cubic,64,FreqSeededChain,1,1018.0000,1.0000,0.0378
qft_20.qasm,20,77,410,cubic,64,WeightedMergeChain,1,1314.0000,1.0000,0.0462
qft_20.qasm,20,77,410,cubic,64,LookaheadGroupW3,1,1273.0000,1.0000,0.1379
qft_20.qasm,20,77,410,cubic,64,LookaheadGroupW5,1,1316.0000,1.0000,0.0443
qft_20.qasm,20,77,410,cubic,64,RigidSeedLocalSearch,1,942.0000,1.0000,9.1090
qft_20.qasm,20,77,410,cubic,64,PeripheralPinning,1,1314.0000,1.0000,0.0799
qft_30.qasm,30,114,870,cubic,64,BuildChain,1,1682.0000,1.0000,1.1592
qft_30.qasm,30,114,870,cubic,64,CommunityMapping,1,2200.0000,1.0000,0.0740
qft_30.qasm,30,114,870,cubic,64,TemporalComm_a1,1,2200.0000,1.0000,0.0807
qft_30.qasm,30,114,870,cubic,64,TemporalComm_a2,1,2200.0000,1.0000,0.2147
qft_30.qasm,30,114,870,cubic,64,TemporalComm_a4,1,2200.0000,1.0000,0.0985
qft_30.qasm,30,114,870,cubic,64,BondAwarePlacement,1,2661.0000,1.0000,35.2798
qft_30.qasm,30,114,870,cubic,64,LayerPriorityMapping,1,2228.0000,1.0000,1.8797
qft_30.qasm,30,114,870,cubic,64,NewPairsFirstMapping,1,2228.0000,1.0000,1.8093
qft_30.qasm,30,114,870,cubic,64,FreqSeededChain,1,1865.0000,1.0000,0.0609
qft_30.qasm,30,114,870,cubic,64,WeightedMergeChain,1,2200.0000,1.0000,0.0810
qft_30.qasm,30,114,870,cubic,64,LookaheadGroupW3,1,2189.0000,1.0000,0.0786
qft_30.qasm,30,114,870,cubic,64,LookaheadGroupW5,1,2202.0000,1.0000,0.0889
qft_30.qasm,30,114,870,cubic,64,RigidSeedLocalSearch,1,1681.0000,1.0000,21.9918
qft_30.qasm,30,114,870,cubic,64,PeripheralPinning,1,2200.0000,1.0000,0.0742
qft_40.qasm,40,154,1560,cubic,64,BuildChain,1,3042.0000,1.0000,2.7477
qft_40.qasm,40,154,1560,cubic,64,CommunityMapping,1,4030.0000,1.0000,0.1221
qft_40.qasm,40,154,1560,cubic,64,TemporalComm_a1,1,4030.0000,1.0000,0.1308
qft_40.qasm,40,154,1560,cubic,64,TemporalComm_a2,1,4030.0000,1.0000,0.1314
qft_40.qasm,40,154,1560,cubic,64,TemporalComm_a4,1,4030.0000,1.0000,0.1245
qft_40.qasm,40,154,1560,cubic,64,BondAwarePlacement,1,4333.0000,1.0000,72.6684
qft_40.qasm,40,154,1560,cubic,64,LayerPriorityMapping,1,4068.0000,1.0000,3.7670
qft_40.qasm,40,154,1560,cubic,64,NewPairsFirstMapping,1,4068.0000,1.0000,4.4341
qft_40.qasm,40,154,1560,cubic,64,FreqSeededChain,1,4070.0000,1.0000,0.1226
qft_40.qasm,40,154,1560,cubic,64,WeightedMergeChain,1,4030.0000,1.0000,0.1336
qft_40.qasm,40,154,1560,cubic,64,LookaheadGroupW3,1,4014.0000,1.0000,0.1393
qft_40.qasm,40,154,1560,cubic,64,LookaheadGroupW5,1,4032.0000,1.0000,0.1389
qft_40.qasm,40,154,1560,cubic,64,RigidSeedLocalSearch,1,3041.0000,1.0000,49.2145
qft_40.qasm,40,154,1560,cubic,64,PeripheralPinning,1,4030.0000,1.0000,0.1152
random_10.qasm,10,20,93,cubic,64,BuildChain,1,304.0000,1.0000,0.1346
random_10.qasm,10,20,93,cubic,64,CommunityMapping,3,379.0000,1.0000,0.0181
random_10.qasm,10,20,93,cubic,64,TemporalComm_a1,3,379.0000,1.0000,0.0136
random_10.qasm,10,20,93,cubic,64,TemporalComm_a2,3,315.0000,1.0000,0.0111
random_10.qasm,10,20,93,cubic,64,TemporalComm_a4,3,315.0000,1.0000,0.0106
random_10.qasm,10,20,93,cubic,64,BondAwarePlacement,1,308.0000,1.0000,3.7250
random_10.qasm,10,20,93,cubic,64,LayerPriorityMapping,1,307.0000,1.0000,0.1703
random_10.qasm,10,20,93,cubic,64,NewPairsFirstMapping,1,293.0000,1.0000,0.1807
random_10.qasm,10,20,93,cubic,64,FreqSeededChain,1,309.0000,1.0000,0.0104
random_10.qasm,10,20,93,cubic,64,WeightedMergeChain,1,309.0000,1.0000,0.0141
random_10.qasm,10,20,93,cubic,64,LookaheadGroupW3,1,309.0000,1.0000,0.0080
random_10.qasm,10,20,93,cubic,64,LookaheadGroupW5,1,309.0000,1.0000,0.0061
random_10.qasm,10,20,93,cubic,64,RigidSeedLocalSearch,1,288.0000,1.0000,1.7022
random_10.qasm,10,20,93,cubic,64,PeripheralPinning,1,309.0000,1.0000,0.0113
random_20.qasm,20,20,193,cubic,64,BuildChain,1,1125.0000,1.0000,1.0878
random_20.qasm,20,20,193,cubic,64,CommunityMapping,4,1266.0000,1.0000,0.0383
random_20.qasm,20,20,193,cubic,64,TemporalComm_a1,5,1184.0000,1.0000,0.0316
random_20.qasm,20,20,193,cubic,64,TemporalComm_a2,4,1188.0000,1.0000,0.0301
random_20.qasm,20,20,193,cubic,64,TemporalComm_a4,4,1178.0000,1.0000,0.0288
random_20.qasm,20,20,193,cubic,64,BondAwarePlacement,1,1113.0000,1.0000,16.9920
random_20.qasm,20,20,193,cubic,64,LayerPriorityMapping,1,1203.0000,1.0000,0.7261
random_20.qasm,20,20,193,cubic,64,NewPairsFirstMapping,1,1155.0000,1.0000,0.5666
random_20.qasm,20,20,193,cubic,64,FreqSeededChain,1,1164.0000,1.0000,0.0216
random_20.qasm,20,20,193,cubic,64,WeightedMergeChain,1,1154.0000,1.0000,0.0279
random_20.qasm,20,20,193,cubic,64,LookaheadGroupW3,1,1154.0000,1.0000,0.0158
random_20.qasm,20,20,193,cubic,64,LookaheadGroupW5,1,1154.0000,1.0000,0.0136
random_20.qasm,20,20,193,cubic,64,RigidSeedLocalSearch,1,1089.0000,1.0000,5.4056
random_20.qasm,20,20,193,cubic,64,PeripheralPinning,1,1154.0000,1.0000,0.0251
random_30.qasm,30,20,290,cubic,64,BuildChain,1,290.0000,1.0000,0.8285
random_30.qasm,30,20,290,cubic,64,CommunityMapping,6,290.0000,1.0000,0.0572
random_30.qasm,30,20,290,cubic,64,TemporalComm_a1,6,290.0000,1.0000,0.0849
random_30.qasm,30,20,290,cubic,64,TemporalComm_a2,7,563.0000,1.0000,0.0455
random_30.qasm,30,20,290,cubic,64,TemporalComm_a4,7,563.0000,1.0000,0.0410
random_30.qasm,30,20,290,cubic,64,BondAwarePlacement,1,290.0000,1.0000,30.0376
random_30.qasm,30,20,290,cubic,64,LayerPriorityMapping,1,290.0000,1.0000,0.4300
random_30.qasm,30,20,290,cubic,64,NewPairsFirstMapping,1,290.0000,1.0000,0.3355
random_30.qasm,30,20,290,cubic,64,FreqSeededChain,1,478.0000,1.0000,0.0186
random_30.qasm,30,20,290,cubic,64,WeightedMergeChain,1,290.0000,1.0000,0.0336
random_30.qasm,30,20,290,cubic,64,LookaheadGroupW3,1,290.0000,1.0000,0.0192
random_30.qasm,30,20,290,cubic,64,LookaheadGroupW5,1,290.0000,1.0000,0.0159
random_30.qasm,30,20,290,cubic,64,RigidSeedLocalSearch,1,290.0000,1.0000,5.0366
random_30.qasm,30,20,290,cubic,64,PeripheralPinning,1,290.0000,1.0000,0.0327
random_40.qasm,40,20,390,cubic,64,BuildChain,1,390.0000,1.0000,0.4845
random_40.qasm,40,20,390,cubic,64,CommunityMapping,5,390.0000,1.0000,0.0844
random_40.qasm,40,20,390,cubic,64,TemporalComm_a1,5,390.0000,1.0000,0.0706
random_40.qasm,40,20,390,cubic,64,TemporalComm_a2,5,390.0000,1.0000,0.0584
random_40.qasm,40,20,390,cubic,64,TemporalComm_a4,5,390.0000,1.0000,0.0575
random_40.qasm,40,20,390,cubic,64,BondAwarePlacement,1,390.0000,1.0000,50.5624
random_40.qasm,40,20,390,cubic,64,LayerPriorityMapping,1,390.0000,1.0000,0.6539
random_40.qasm,40,20,390,cubic,64,NewPairsFirstMapping,1,390.0000,1.0000,0.5029
random_40.qasm,40,20,390,cubic,64,FreqSeededChain,1,1021.0000,1.0000,0.0234
random_40.qasm,40,20,390,cubic,64,WeightedMergeChain,1,390.0000,1.0000,0.0428
random_40.qasm,40,20,390,cubic,64,LookaheadGroupW3,1,390.0000,1.0000,0.0212
random_40.qasm,40,20,390,cubic,64,LookaheadGroupW5,1,390.0000,1.0000,0.0191
random_40.qasm,40,20,390,cubic,64,RigidSeedLocalSearch,1,390.0000,1.0000,7.6877
random_40.qasm,40,20,390,cubic,64,PeripheralPinning,1,390.0000,1.0000,0.0387
